trainset_id,mileage_km,brake_pad_thickness_mm,pantograph_force_n,cabin_vibrations_g,guide_shoe_temp_c,door_cycles,rul_km,maintenance_status
KM07,22404.9,9.01,105.51,0.109,60.8,4324,2595.1,OPTIMAL
KM21,17030.7,10.5,107.52,0.105,51.9,3608,2969.3,OPTIMAL
KM22,694.3,13.32,114.82,0.057,45.6,1260,4305.7,OPTIMAL
KM12,14641.4,4.17,94.62,0.209,65.1,8373,358.6,IMMINENT
KM07,864.8,12.89,118.33,0.069,46.8,1519,4135.2,OPTIMAL
KM07,17274.9,9.85,107.15,0.128,51.8,4074,2725.1,OPTIMAL
KM04,9072.1,4.12,104.41,0.19,67.0,7279,927.9,DUE SOON
KM18,15341.5,14.81,120.14,0.054,40.1,650,4658.5,OPTIMAL
KM15,5044.8,14.91,118.67,0.02,40.3,127,4955.2,OPTIMAL
KM05,25973.3,12.39,117.78,0.079,47.0,1810,4026.7,OPTIMAL
KM01,2247.9,10.05,103.98,0.133,58.0,4042,2752.1,OPTIMAL
KM05,27222.1,9.27,110.76,0.131,52.5,3957,2777.9,OPTIMAL
KM09,20043.2,14.96,115.92,0.044,42.0,209,4956.8,OPTIMAL
KM04,25458.1,14.31,115.57,0.034,42.6,861,4541.9,OPTIMAL
KM07,8468.2,6.48,107.29,0.169,62.2,6311,1531.8,OPTIMAL
KM25,9245.1,4.74,97.75,0.187,69.0,7626,754.9,DUE SOON
KM09,8881.5,5.63,95.59,0.209,63.4,6941,1118.5,DUE SOON
KM22,6516.0,11.69,104.05,0.114,50.5,2727,3484.0,OPTIMAL
KM12,7424.0,9.95,107.77,0.128,61.7,4353,2576.0,OPTIMAL
KM02,15100.7,14.64,127.36,0.02,40.7,189,4899.3,OPTIMAL
KM24,7035.0,10.44,115.36,0.134,56.9,3619,2965.0,OPTIMAL
KM01,4644.7,3.82,104.51,0.208,67.0,8403,355.3,IMMINENT
KM04,956.2,13.33,115.49,0.058,48.5,1675,4043.8,OPTIMAL
KM18,23537.0,5.89,106.99,0.18,62.3,6294,1463.0,DUE SOON
KM10,7593.4,8.36,109.14,0.154,62.9,4651,2406.6,OPTIMAL
KM12,15853.1,13.03,115.15,0.073,49.2,1482,4146.9,OPTIMAL
KM16,25170.5,14.49,120.53,0.036,43.5,321,4829.5,OPTIMAL
KM18,4922.2,3.47,102.85,0.224,66.6,8892,77.8,IMMINENT
KM01,997.1,13.14,114.91,0.096,45.7,1746,4002.9,OPTIMAL
KM16,3076.1,7.18,99.14,0.139,61.4,5524,1923.9,OPTIMAL
KM02,10127.2,14.15,124.05,0.039,44.0,368,4872.8,OPTIMAL
KM17,1699.1,10.93,111.46,0.104,53.0,3040,3300.9,OPTIMAL
KM09,26709.5,10.65,103.68,0.107,51.7,3066,3290.5,OPTIMAL
KM23,7883.1,8.27,96.31,0.14,60.9,5172,2116.9,OPTIMAL
KM03,16176.7,12.08,110.88,0.098,48.7,2161,3823.3,OPTIMAL
KM11,19995.1,2.59,87.82,0.227,66.1,8965,4.9,IMMINENT
KM24,25614.1,13.32,132.34,0.071,48.3,1153,4385.9,OPTIMAL
KM12,24882.0,3.02,95.86,0.21,74.1,8753,118.0,IMMINENT
KM19,13303.9,7.79,104.91,0.153,60.7,5902,1696.1,OPTIMAL
KM01,23266.4,7.29,108.51,0.155,59.4,5814,1733.6,OPTIMAL
KM03,18029.3,8.54,105.6,0.139,61.1,5413,1970.7,OPTIMAL
KM05,5569.2,13.68,116.61,0.049,44.3,1032,4430.8,OPTIMAL
KM01,12664.7,8.73,105.86,0.14,62.5,4757,2335.3,OPTIMAL
KM23,1812.2,9.88,106.2,0.109,51.3,3221,3187.8,OPTIMAL
KM05,3089.3,7.31,106.95,0.144,54.1,5539,1910.7,OPTIMAL
KM22,17965.1,7.83,104.66,0.14,58.8,5454,2034.9,OPTIMAL
KM01,15332.9,13.81,124.51,0.057,46.2,629,4667.1,OPTIMAL
KM03,18190.4,6.93,112.58,0.126,59.5,5772,1809.6,OPTIMAL
KM01,18415.8,7.07,99.45,0.155,58.0,6154,1584.2,OPTIMAL
KM23,2457.7,9.27,111.25,0.122,54.2,4406,2542.3,OPTIMAL
KM21,10079.3,14.63,119.29,0.02,45.9,236,4920.7,OPTIMAL
KM03,11847.0,9.89,115.88,0.098,53.7,3314,3153.0,OPTIMAL
KM05,7061.4,9.59,113.12,0.105,50.2,3694,2938.6,OPTIMAL
KM25,9301.4,3.38,97.54,0.208,65.4,7711,698.6,DUE SOON
KM14,19111.2,5.67,85.99,0.205,70.4,7382,888.8,DUE SOON
KM21,14096.6,5.07,99.82,0.177,67.4,7366,903.4,DUE SOON
KM11,19910.4,3.18,95.78,0.213,72.5,8813,89.6,IMMINENT
KM02,2737.1,8.97,100.52,0.117,55.5,4916,2262.9,OPTIMAL
KM12,15856.1,12.6,115.08,0.071,44.3,1540,4143.9,OPTIMAL
KM20,3767.5,6.07,102.45,0.163,64.4,6858,1232.5,DUE SOON
KM25,10808.9,12.78,114.35,0.072,46.6,1460,4191.1,OPTIMAL
KM20,2574.5,9.13,105.24,0.124,54.2,4710,2425.5,OPTIMAL
KM23,1749.8,10.84,115.16,0.081,53.8,3141,3250.2,OPTIMAL
KM18,7813.3,8.79,100.63,0.13,56.5,5061,2186.7,OPTIMAL
KM09,9012.0,5.14,103.82,0.196,68.2,7256,988.0,DUE SOON
KM18,15668.7,13.45,115.42,0.047,45.5,1279,4331.3,OPTIMAL
KM15,4636.5,4.56,102.23,0.205,71.1,8265,363.5,IMMINENT
KM16,2572.4,9.07,108.51,0.161,57.2,4639,2427.6,OPTIMAL
KM23,21647.2,11.17,105.37,0.079,52.6,3017,3352.8,OPTIMAL
KM08,1110.1,11.72,100.54,0.076,46.9,2042,3889.9,OPTIMAL
KM01,15677.4,12.96,117.28,0.049,45.1,1293,4322.6,OPTIMAL
KM19,25336.7,13.84,119.13,0.053,47.9,669,4663.3,OPTIMAL
KM15,12530.6,9.03,110.22,0.154,56.4,4636,2469.4,OPTIMAL
KM19,19685.2,4.31,95.8,0.23,69.4,8462,314.8,IMMINENT
KM20,13126.2,7.5,105.98,0.169,55.9,5621,1873.8,OPTIMAL
KM25,13153.3,7.46,97.18,0.176,57.4,5703,1846.7,OPTIMAL
KM04,10005.9,15.01,123.79,0.025,43.3,0,4994.1,OPTIMAL
KM22,2939.3,8.26,104.88,0.13,57.1,5230,2060.7,OPTIMAL
KM14,9577.7,4.26,96.02,0.234,67.1,8178,422.3,IMMINENT
KM16,2179.6,9.75,112.51,0.109,52.4,3952,2820.4,OPTIMAL
KM15,15256.2,14.4,118.95,0.052,47.4,448,4743.8,OPTIMAL
KM24,4160.7,4.96,102.66,0.197,64.4,7534,839.3,DUE SOON
KM19,7167.9,10.1,103.47,0.108,51.4,3986,2832.1,OPTIMAL
KM03,18342.6,6.63,113.58,0.151,61.7,6099,1657.4,OPTIMAL
KM08,12370.6,9.47,105.47,0.146,52.0,4171,2629.4,OPTIMAL
KM13,9584.6,3.62,94.61,0.186,70.6,8250,415.4,IMMINENT
KM24,25161.0,14.59,115.87,0.05,42.8,277,4839.0,OPTIMAL
KM11,24301.4,5.04,96.19,0.206,67.3,7693,698.6,DUE SOON
KM25,20257.6,15.08,129.18,0.043,44.7,495,4742.4,OPTIMAL
KM12,3658.0,6.55,95.61,0.184,59.6,6597,1342.0,DUE SOON
KM04,9317.7,5.33,103.38,0.226,61.3,7701,682.3,DUE SOON
KM08,22771.5,8.26,109.49,0.123,58.8,5060,2228.5,OPTIMAL
KM24,17167.8,9.88,109.8,0.125,55.7,3936,2832.2,OPTIMAL
KM11,26304.4,11.93,115.43,0.111,49.0,2353,3695.6,OPTIMAL
KM09,21138.8,12.06,116.21,0.072,46.7,2086,3861.2,OPTIMAL
KM25,24623.0,3.81,101.69,0.2,62.8,8271,377.0,IMMINENT
KM19,17662.8,9.54,112.73,0.108,59.4,4827,2337.2,OPTIMAL
KM21,25428.0,14.91,114.32,0.06,44.8,798,4572.0,OPTIMAL
KM08,19577.2,3.33,96.98,0.217,70.2,8214,422.8,IMMINENT
KM04,16172.0,12.03,116.06,0.087,51.2,2084,3828.0,OPTIMAL
KM15,23777.4,6.04,97.2,0.169,64.1,6837,1222.6,DUE SOON
KM02,835.6,13.36,121.14,0.1,48.5,1582,4164.4,OPTIMAL
KM20,5493.9,13.75,120.87,0.044,39.0,898,4506.1,OPTIMAL
KM25,7540.4,7.85,109.87,0.155,59.2,4606,2459.6,OPTIMAL
KM09,12163.6,9.73,109.58,0.117,56.1,4021,2836.4,OPTIMAL
KM21,10930.9,12.56,112.16,0.083,48.4,1741,4069.1,OPTIMAL
KM03,11449.6,11.19,113.05,0.073,46.9,2592,3550.4,OPTIMAL
KM11,1403.3,10.96,112.22,0.095,46.9,2539,3596.7,OPTIMAL
KM21,25658.3,12.99,109.33,0.048,47.0,1144,4341.7,OPTIMAL
KM08,14310.4,4.72,95.74,0.197,64.2,7792,689.6,DUE SOON
KM19,10108.1,13.84,117.16,0.06,41.6,112,4891.9,OPTIMAL
KM19,12965.4,7.6,94.57,0.163,61.7,5234,2034.6,OPTIMAL
KM04,5503.0,14.36,114.37,0.041,49.2,952,4497.0,OPTIMAL
KM01,15672.4,12.88,113.56,0.055,52.2,1217,4327.6,OPTIMAL
KM25,22497.7,8.81,103.3,0.125,55.4,4536,2502.3,OPTIMAL
KM24,22688.4,8.92,105.45,0.121,55.5,4826,2311.6,OPTIMAL
KM10,2851.5,8.03,100.74,0.157,57.5,5106,2148.5,OPTIMAL
KM10,23190.5,6.92,102.73,0.153,58.7,5793,1809.5,OPTIMAL
KM09,12493.5,8.93,107.15,0.122,57.0,4486,2506.5,OPTIMAL
KM14,13454.3,6.27,102.47,0.144,65.6,6222,1545.7,OPTIMAL
KM02,17920.7,8.24,103.72,0.126,58.6,5175,2079.3,OPTIMAL
KM17,11644.3,10.83,119.02,0.099,49.0,2914,3355.7,OPTIMAL
KM08,7395.1,9.29,117.22,0.144,56.1,4381,2604.9,OPTIMAL
KM14,1791.6,10.9,113.11,0.094,52.5,3187,3208.4,OPTIMAL
KM21,23519.7,6.22,101.9,0.178,65.5,6329,1480.3,DUE SOON
KM24,26262.8,11.75,110.25,0.096,47.6,2279,3737.2,OPTIMAL
KM13,4753.5,3.78,105.43,0.192,65.3,8639,246.5,IMMINENT
KM08,12457.8,9.38,110.54,0.12,57.3,4472,2542.2,OPTIMAL
KM06,16731.3,11.14,110.35,0.101,53.2,3125,3268.7,OPTIMAL
KM24,21355.8,12.28,118.36,0.099,51.7,2508,3644.2,OPTIMAL
KM08,7365.9,9.93,107.94,0.137,55.6,4280,2634.1,OPTIMAL
KM18,12098.5,10.05,112.14,0.127,53.6,3744,2901.5,OPTIMAL
KM10,18225.0,7.77,109.53,0.143,66.9,5809,1775.0,OPTIMAL
KM23,11623.3,10.7,117.22,0.103,56.2,2946,3376.7,OPTIMAL
KM13,17712.0,8.38,110.0,0.139,59.9,4855,2288.0,OPTIMAL
KM21,13694.0,5.57,95.11,0.182,60.7,6639,1306.0,DUE SOON
KM07,14869.3,4.06,94.45,0.222,71.1,8685,130.7,IMMINENT
KM21,27662.4,8.36,98.95,0.118,54.2,4826,2337.6,OPTIMAL
KM05,22124.5,9.97,106.08,0.151,52.2,3882,2875.5,OPTIMAL
KM13,3809.3,5.21,100.44,0.17,64.5,6882,1190.7,DUE SOON
KM22,27150.3,9.27,106.97,0.105,55.2,3842,2849.7,OPTIMAL
KM24,21066.5,12.19,114.14,0.095,44.2,1883,3933.5,OPTIMAL
KM09,1720.4,10.67,110.6,0.088,54.1,3084,3279.6,OPTIMAL
KM18,2728.8,8.41,109.14,0.122,48.6,4868,2271.2,OPTIMAL
KM19,23178.7,6.84,99.58,0.13,61.0,5733,1821.3,OPTIMAL
KM08,7245.4,9.49,107.71,0.117,51.7,4004,2754.6,OPTIMAL
KM21,19203.9,4.36,101.58,0.189,65.9,7627,796.1,DUE SOON
KM18,22994.1,8.14,105.14,0.167,59.2,5391,2005.9,OPTIMAL
KM17,3685.7,6.24,102.33,0.19,62.0,6574,1314.3,DUE SOON
KM05,3319.0,7.19,104.11,0.166,60.1,5953,1681.0,OPTIMAL
KM17,21702.1,11.01,118.88,0.092,56.3,3118,3297.9,OPTIMAL
KM12,1176.1,11.49,120.38,0.081,47.2,2211,3823.9,OPTIMAL
KM14,13384.8,6.84,107.74,0.154,63.1,6115,1615.2,OPTIMAL
KM20,18499.1,6.37,101.62,0.149,61.3,6329,1500.9,OPTIMAL
KM20,11433.8,11.2,112.0,0.081,48.4,2584,3566.2,OPTIMAL
KM12,15975.6,12.75,125.18,0.05,46.4,1732,4024.4,OPTIMAL
KM21,4725.6,3.01,86.45,0.218,67.8,8587,274.4,IMMINENT
KM20,12333.4,8.8,108.17,0.103,55.4,4166,2666.6,OPTIMAL
KM21,16732.3,10.72,111.18,0.101,48.8,3071,3267.7,OPTIMAL
KM15,17000.6,9.55,114.09,0.096,54.1,3624,2999.4,OPTIMAL
KM08,20417.8,14.25,119.66,0.057,42.1,751,4582.2,OPTIMAL
KM20,10015.5,15.12,120.17,0.029,40.9,81,4984.5,OPTIMAL
KM07,4149.7,4.32,101.81,0.181,66.7,7539,850.3,DUE SOON
KM06,16856.4,10.17,116.62,0.13,53.3,3332,3143.6,OPTIMAL
KM08,20137.4,14.9,123.67,0.047,45.1,237,4862.6,OPTIMAL
KM03,1620.7,10.58,111.01,0.08,52.7,2995,3379.3,OPTIMAL
KM12,4887.5,3.4,97.26,0.224,67.9,8796,112.5,IMMINENT
KM18,1073.7,11.57,109.39,0.097,46.8,2087,3926.3,OPTIMAL
KM10,11589.7,11.35,106.4,0.104,49.9,2918,3410.3,OPTIMAL
KM05,10013.2,15.08,113.69,0.071,41.8,112,4986.8,OPTIMAL
KM02,16937.4,10.11,114.85,0.091,49.0,3549,3062.6,OPTIMAL
KM01,4118.1,5.17,101.39,0.192,63.7,7379,881.9,DUE SOON
KM14,14596.9,4.25,96.45,0.192,67.4,8354,403.1,IMMINENT
KM07,10378.9,14.75,113.48,0.058,45.1,677,4621.1,OPTIMAL
KM02,24094.6,5.17,99.15,0.163,68.8,7331,905.4,DUE SOON
KM10,2521.2,9.25,107.7,0.112,58.6,4513,2478.8,OPTIMAL
KM01,12859.4,7.9,106.16,0.132,54.8,5217,2140.6,OPTIMAL
KM15,18754.6,6.63,106.08,0.174,63.9,6823,1245.4,DUE SOON
KM15,15848.9,13.17,115.93,0.052,48.3,1537,4151.1,OPTIMAL
KM12,4579.4,4.37,100.77,0.21,70.1,8098,420.6,IMMINENT
KM18,9923.0,3.61,95.75,0.218,69.9,8841,77.0,IMMINENT
KM23,18996.6,5.58,104.31,0.181,65.7,7147,1003.4,DUE SOON
KM23,27412.4,9.25,107.83,0.137,54.2,4360,2587.6,OPTIMAL
KM08,22376.5,9.09,108.84,0.137,57.4,4368,2623.5,OPTIMAL
KM02,27983.9,7.44,104.07,0.153,62.3,5399,2016.1,OPTIMAL
KM06,9493.4,4.07,101.72,0.21,69.0,8119,506.6,DUE SOON
KM19,24394.8,5.04,94.43,0.178,69.5,7977,605.2,DUE SOON
KM15,19625.3,3.26,92.91,0.174,66.3,8259,374.7,IMMINENT
KM12,903.3,13.31,116.73,0.092,48.8,1783,4096.7,OPTIMAL
KM08,14774.7,3.53,94.31,0.212,65.8,8517,225.3,IMMINENT
KM02,14982.2,3.1,88.55,0.235,64.4,9010,17.8,IMMINENT
KM11,1001.4,12.2,118.03,0.08,47.9,1799,3998.6,OPTIMAL
KM15,5921.7,13.35,115.01,0.079,44.4,1761,4078.3,OPTIMAL
KM15,15137.2,14.56,116.0,0.047,41.0,324,4862.8,OPTIMAL
KM13,11872.6,10.56,110.0,0.093,53.9,3463,3127.4,OPTIMAL
KM24,22318.7,9.35,105.12,0.121,53.8,4231,2681.3,OPTIMAL
KM13,17911.7,7.96,107.61,0.146,58.4,5205,2088.3,OPTIMAL
KM10,5306.3,14.53,121.43,0.047,44.5,626,4693.7,OPTIMAL
KM05,8806.7,5.59,102.8,0.192,64.7,6823,1193.3,DUE SOON
KM23,16631.7,10.91,113.94,0.088,50.3,2959,3368.3,OPTIMAL
KM17,5407.3,14.45,115.0,0.063,41.3,769,4592.7,OPTIMAL
KM25,14161.1,5.55,95.98,0.214,69.5,7462,838.9,DUE SOON
KM17,935.1,12.34,113.25,0.049,49.9,1691,4064.9,OPTIMAL
KM04,2855.6,8.05,101.32,0.132,56.5,5130,2144.4,OPTIMAL
KM17,23376.2,7.11,103.94,0.141,63.0,6161,1623.8,OPTIMAL
KM12,9419.2,4.05,102.81,0.181,70.9,7975,580.8,DUE SOON
KM20,2153.9,9.61,109.53,0.126,51.8,3885,2846.1,OPTIMAL
KM25,23099.7,8.13,104.42,0.157,57.1,5565,1900.3,OPTIMAL
KM19,4691.4,3.26,97.11,0.244,69.3,8454,308.6,IMMINENT
KM01,17233.4,9.76,103.88,0.121,52.8,3961,2766.6,OPTIMAL
KM09,2910.2,7.98,108.28,0.132,54.3,5346,2089.8,OPTIMAL
KM23,4948.5,3.58,96.72,0.239,64.7,8968,51.5,IMMINENT
KM12,26091.4,12.35,114.15,0.093,47.4,1977,3908.6,OPTIMAL
KM16,6329.5,11.68,111.17,0.103,51.2,2399,3670.5,OPTIMAL
KM02,4144.4,4.07,98.08,0.179,66.5,7333,855.6,DUE SOON
KM25,18823.4,5.8,100.64,0.162,59.5,6883,1176.6,DUE SOON
KM13,15612.1,13.56,118.89,0.063,40.5,1054,4387.9,OPTIMAL
KM06,509.1,13.84,117.65,0.055,41.6,838,4490.9,OPTIMAL
KM05,21970.9,10.55,109.89,0.102,52.0,3529,3029.1,OPTIMAL
KM19,5388.6,14.35,121.81,0.077,41.0,730,4611.4,OPTIMAL
KM05,17418.5,8.82,101.97,0.089,57.9,4285,2581.5,OPTIMAL
KM07,14951.4,3.21,89.98,0.217,70.8,8907,48.6,IMMINENT
KM23,11944.2,10.49,110.22,0.123,50.9,3505,3055.8,OPTIMAL
KM01,9396.3,4.9,99.68,0.214,66.3,7891,603.7,DUE SOON
KM17,15568.9,13.16,116.52,0.06,42.9,1001,4431.1,OPTIMAL
KM18,13590.5,6.74,96.56,0.145,65.8,6452,1409.5,DUE SOON
KM13,4161.5,4.9,96.27,0.187,64.4,7486,838.5,DUE SOON
KM08,13190.6,7.28,109.69,0.173,60.6,5783,1809.4,OPTIMAL
KM15,24958.3,2.7,94.69,0.209,69.6,8979,41.7,IMMINENT
KM03,833.0,12.77,110.45,0.055,49.7,1466,4167.0,OPTIMAL
KM07,22055.7,10.5,102.61,0.133,54.0,3693,2944.3,OPTIMAL
KM15,2759.7,8.66,108.63,0.159,54.3,4942,2240.3,OPTIMAL
KM17,7523.9,9.03,106.91,0.13,57.6,4527,2476.1,OPTIMAL
KM04,8552.6,6.2,102.47,0.172,65.7,6420,1447.4,DUE SOON
KM02,4022.6,5.12,99.05,0.176,61.3,7153,977.4,DUE SOON
KM25,5001.3,15.78,121.25,0.038,41.9,104,4998.7,OPTIMAL
KM17,18259.8,6.83,101.37,0.155,61.0,5855,1740.2,OPTIMAL
KM08,21075.3,11.78,109.45,0.082,47.7,1917,3924.7,OPTIMAL
KM22,27578.4,8.85,106.76,0.145,57.9,4642,2421.6,OPTIMAL
KM24,9915.5,3.8,101.33,0.21,71.2,8919,84.5,IMMINENT
KM22,16038.1,12.21,116.33,0.097,49.5,1861,3961.9,OPTIMAL
KM16,22823.2,8.71,108.04,0.147,55.7,5050,2176.8,OPTIMAL
KM10,18582.9,5.96,98.65,0.175,65.0,6399,1417.1,DUE SOON
KM09,15741.2,12.63,110.49,0.05,45.0,1293,4258.8,OPTIMAL
KM24,14306.4,4.78,94.7,0.213,67.7,7728,693.6,DUE SOON
KM06,11847.1,10.71,104.66,0.125,51.0,3452,3152.9,OPTIMAL
KM14,20393.6,14.14,116.76,0.051,44.5,834,4606.4,OPTIMAL
KM19,7920.1,8.13,105.37,0.165,61.1,5223,2079.9,OPTIMAL
KM06,6270.7,11.92,118.87,0.072,48.4,2243,3729.3,OPTIMAL
KM20,2219.9,9.36,111.37,0.13,52.2,4048,2780.1,OPTIMAL
KM01,12084.3,9.51,111.91,0.112,51.3,3733,2915.7,OPTIMAL
KM09,26633.6,10.64,113.05,0.078,52.9,3024,3366.4,OPTIMAL
KM22,8009.4,8.54,105.63,0.164,58.4,5398,1990.6,OPTIMAL
KM17,12467.5,8.92,108.29,0.134,54.6,4448,2532.5,OPTIMAL
KM07,14152.7,4.37,97.41,0.18,66.4,7424,847.3,DUE SOON
KM20,18566.3,6.32,101.77,0.165,59.8,6377,1433.7,DUE SOON
KM14,7362.5,8.96,104.97,0.147,54.6,4251,2637.5,OPTIMAL
KM24,1778.8,11.03,115.32,0.135,48.7,3147,3221.2,OPTIMAL
KM07,2876.7,7.78,102.05,0.128,58.5,5165,2123.3,OPTIMAL
KM12,22162.1,9.44,108.77,0.153,52.0,3922,2837.9,OPTIMAL
KM17,13258.1,7.15,105.1,0.145,59.5,5843,1741.9,OPTIMAL
KM10,2943.1,8.15,107.16,0.175,61.0,5183,2056.9,OPTIMAL
KM07,19965.5,3.41,95.52,0.203,62.5,8959,34.5,IMMINENT
KM02,24204.6,4.55,105.51,0.187,67.9,7533,795.4,DUE SOON
KM06,22676.1,8.84,106.38,0.127,58.5,4781,2323.9,OPTIMAL
KM04,21310.7,12.06,107.66,0.089,48.4,2384,3689.3,OPTIMAL
KM09,15905.0,12.68,121.83,0.059,47.4,1564,4095.0,OPTIMAL
KM10,14189.8,5.31,100.25,0.18,64.4,7599,810.2,DUE SOON
KM19,12629.5,8.9,104.8,0.131,54.9,4692,2370.5,OPTIMAL
KM08,22442.6,8.76,110.85,0.125,52.6,4402,2557.4,OPTIMAL
KM20,15840.1,12.83,111.33,0.082,46.0,1513,4159.9,OPTIMAL
KM01,1418.0,12.11,118.33,0.079,48.6,2599,3582.0,OPTIMAL
KM06,27113.3,10.27,114.0,0.116,54.6,3822,2886.7,OPTIMAL
KM02,5063.8,15.09,118.93,0.057,45.3,244,4936.2,OPTIMAL
KM25,23131.4,7.69,99.31,0.16,58.9,5650,1868.6,OPTIMAL
KM25,13457.1,6.87,102.05,0.184,61.1,6110,1542.9,OPTIMAL
KM03,24695.1,4.38,97.17,0.2,72.4,8463,304.9,IMMINENT
KM18,21092.7,12.21,119.41,0.102,50.6,1945,3907.3,OPTIMAL
KM11,23702.8,6.31,102.68,0.159,64.0,6708,1297.2,DUE SOON
KM15,8896.0,5.8,104.63,0.161,65.6,7046,1104.0,DUE SOON
KM13,25218.3,14.13,120.29,0.024,39.7,364,4781.7,OPTIMAL
KM03,11850.9,11.09,110.35,0.128,52.2,3316,3149.1,OPTIMAL
KM14,25747.1,12.92,114.52,0.075,45.5,1381,4252.9,OPTIMAL
KM20,27499.5,8.76,111.52,0.161,57.4,4610,2500.5,OPTIMAL
KM19,24500.7,4.06,94.91,0.188,67.4,8007,499.3,IMMINENT
KM11,2541.6,9.02,110.27,0.118,54.6,4582,2458.4,OPTIMAL
KM08,24624.7,4.38,91.78,0.225,68.2,8296,375.3,IMMINENT
KM11,27874.5,8.78,105.91,0.161,55.8,5186,2125.5,OPTIMAL
KM09,25514.7,13.37,119.43,0.061,47.4,791,4485.3,OPTIMAL
KM12,25543.6,13.42,112.8,0.058,42.6,955,4456.4,OPTIMAL
KM22,17195.0,9.24,116.02,0.104,56.2,3902,2805.0,OPTIMAL
KM22,22135.6,9.86,108.49,0.091,56.2,3833,2864.4,OPTIMAL
KM18,10451.0,14.16,117.6,0.05,42.8,741,4549.0,OPTIMAL
KM03,12805.4,8.3,115.91,0.13,60.6,5055,2194.6,OPTIMAL
KM17,6524.4,10.91,110.07,0.102,57.4,2762,3475.6,OPTIMAL
KM09,22958.8,7.97,108.61,0.138,61.2,5330,2041.2,OPTIMAL
KM23,24541.1,3.34,97.05,0.193,63.6,8083,458.9,IMMINENT
KM08,18950.9,6.15,103.61,0.165,66.8,7062,1049.1,DUE SOON
KM05,543.0,13.89,117.87,0.084,47.3,964,4457.0,OPTIMAL
KM04,10649.0,13.8,115.91,0.049,45.3,1171,4351.0,OPTIMAL
KM19,10256.2,14.32,120.49,0.033,47.0,456,4743.8,OPTIMAL
KM18,4319.0,4.63,100.21,0.179,66.7,7858,681.0,DUE SOON
KM03,15184.1,15.24,116.5,0.087,41.8,233,4815.9,OPTIMAL
KM23,22959.9,7.6,104.53,0.137,57.8,5381,2040.1,OPTIMAL
KM13,8073.0,7.22,101.95,0.172,58.6,5545,1927.0,OPTIMAL
KM15,21382.2,11.58,112.78,0.085,53.2,2642,3617.8,OPTIMAL
KM05,18257.9,7.24,105.43,0.122,61.1,5885,1742.1,OPTIMAL
KM17,19120.8,4.58,92.88,0.207,69.8,7394,879.2,DUE SOON
KM13,27230.7,10.09,109.24,0.119,54.1,4007,2769.3,OPTIMAL
KM19,1142.2,11.96,113.25,0.105,49.8,2041,3857.8,OPTIMAL
KM05,26787.8,10.43,109.73,0.122,52.9,3212,3212.2,OPTIMAL
KM13,27195.4,9.55,119.55,0.092,53.0,3917,2804.6,OPTIMAL
KM23,12612.1,9.16,103.45,0.115,54.5,4704,2387.9,OPTIMAL
KM19,5044.2,14.7,121.08,0.036,43.8,46,4955.8,OPTIMAL
KM03,24708.7,3.26,104.29,0.191,69.6,8452,291.3,IMMINENT
KM17,20049.3,14.92,126.41,0.065,40.8,0,4950.7,OPTIMAL
KM22,4092.9,5.32,100.66,0.177,67.1,7361,907.1,DUE SOON
KM16,3076.0,8.09,104.41,0.175,59.0,5440,1924.0,OPTIMAL
KM11,6088.6,12.63,120.05,0.047,55.9,2012,3911.4,OPTIMAL
KM14,13039.4,7.62,113.24,0.132,62.2,5490,1960.6,OPTIMAL
KM03,6013.0,12.1,114.12,0.074,50.2,1940,3987.0,OPTIMAL
KM23,1025.7,12.46,122.7,0.073,50.1,1901,3974.3,OPTIMAL
KM10,17895.0,7.62,107.48,0.162,56.0,5283,2105.0,OPTIMAL
KM03,27940.1,7.89,109.11,0.154,60.3,5317,2059.9,OPTIMAL
KM01,2398.3,9.06,109.95,0.132,57.1,4305,2601.7,OPTIMAL
KM02,2635.4,9.02,100.26,0.11,56.3,4716,2364.6,OPTIMAL
KM03,17882.5,7.39,108.28,0.15,60.1,5181,2117.5,OPTIMAL
KM02,2504.8,9.64,101.05,0.119,54.1,4461,2495.2,OPTIMAL
KM08,8544.2,6.68,99.49,0.168,61.0,6388,1455.8,DUE SOON
KM21,1425.9,11.1,111.24,0.071,48.2,2595,3574.1,OPTIMAL
KM23,14334.8,3.72,93.16,0.186,66.7,7747,665.2,DUE SOON
KM14,23119.7,7.2,105.35,0.173,56.6,5618,1880.3,OPTIMAL
KM23,20318.0,14.69,117.11,0.037,46.1,528,4682.0,OPTIMAL
KM17,14556.1,4.15,95.91,0.206,69.6,8157,443.9,IMMINENT
KM11,23234.7,7.16,99.61,0.16,62.8,5728,1765.3,OPTIMAL
KM24,27012.2,10.65,111.0,0.104,47.2,3615,2987.8,OPTIMAL
KM25,19856.1,2.96,100.66,0.216,69.7,8710,143.9,IMMINENT
KM19,17944.3,8.06,95.58,0.146,58.3,5355,2055.7,OPTIMAL
KM16,6244.3,12.58,108.11,0.103,48.2,2219,3755.7,OPTIMAL
KM09,24418.5,4.2,101.26,0.219,68.4,7991,581.5,DUE SOON
KM13,8620.8,6.16,98.29,0.157,65.1,6457,1379.2,DUE SOON
KM08,13374.2,6.24,99.9,0.164,61.2,6058,1625.8,OPTIMAL
KM17,3566.6,7.14,102.64,0.146,59.1,6408,1433.4,DUE SOON
KM15,9581.7,5.06,96.07,0.212,69.2,8265,418.3,IMMINENT
KM06,21463.5,12.17,111.37,0.086,49.4,2645,3536.5,OPTIMAL
KM10,21679.4,10.53,110.65,0.103,53.9,2985,3320.6,OPTIMAL
KM07,10072.6,14.43,114.23,0.053,44.1,17,4927.4,OPTIMAL
KM04,25235.0,14.81,120.07,0.051,41.8,543,4765.0,OPTIMAL
KM23,18970.2,5.41,100.25,0.186,60.2,7210,1029.8,DUE SOON
KM22,10556.2,13.13,114.57,0.051,46.0,951,4443.8,OPTIMAL
KM10,9166.5,4.64,99.41,0.197,62.8,7561,833.5,DUE SOON
KM25,24978.9,3.41,93.83,0.222,67.8,9066,21.1,IMMINENT
KM22,11930.2,9.95,107.21,0.116,52.4,3479,3069.8,OPTIMAL
KM22,21423.5,11.42,107.65,0.094,55.7,2484,3576.5,OPTIMAL
KM06,12752.4,8.22,107.72,0.14,58.2,4933,2247.6,OPTIMAL
KM19,5342.6,14.82,115.0,0.072,41.8,695,4657.4,OPTIMAL
KM16,27376.0,9.55,110.07,0.153,54.8,4312,2624.0,OPTIMAL
KM07,21987.1,10.75,111.29,0.127,54.3,3604,3012.9,OPTIMAL
KM10,22630.7,8.66,101.55,0.126,58.6,4707,2369.3,OPTIMAL
KM12,18716.9,6.66,99.98,0.164,64.7,6681,1283.1,DUE SOON
KM19,14103.6,6.31,107.48,0.177,65.6,7301,896.4,DUE SOON
KM17,22157.6,9.99,110.84,0.094,57.5,3821,2842.4,OPTIMAL
KM18,25311.5,14.57,121.43,0.035,45.5,644,4688.5,OPTIMAL
KM24,16452.4,11.72,119.21,0.094,47.9,2547,3547.6,OPTIMAL
KM15,25353.3,14.28,122.65,0.063,45.3,641,4646.7,OPTIMAL
KM13,16756.1,10.39,109.02,0.088,50.9,3183,3243.9,OPTIMAL
KM25,10519.7,13.48,115.94,0.045,44.7,980,4480.3,OPTIMAL
KM24,18502.9,6.3,95.37,0.171,60.4,6301,1497.1,DUE SOON
KM21,21552.5,11.54,112.37,0.08,48.0,2828,3447.5,OPTIMAL
KM15,11938.5,10.81,112.67,0.131,50.7,3443,3061.5,OPTIMAL
KM25,10700.9,12.73,109.62,0.056,46.5,1351,4299.1,OPTIMAL
KM02,21967.4,10.13,112.44,0.112,49.0,3580,3032.6,OPTIMAL
KM25,4073.4,4.64,100.88,0.174,66.2,7329,926.6,DUE SOON
KM02,19673.3,3.6,95.35,0.235,68.7,8436,326.7,IMMINENT
KM07,23888.0,5.75,100.29,0.19,61.0,7035,1112.0,DUE SOON
KM13,26545.0,10.84,102.71,0.094,51.8,2754,3455.0,OPTIMAL
KM04,11069.8,12.46,116.47,0.09,45.5,1935,3930.2,OPTIMAL
KM17,15370.2,13.58,111.04,0.044,41.5,663,4629.8,OPTIMAL
KM16,22500.1,9.86,111.89,0.123,53.8,4534,2499.9,OPTIMAL
KM19,14291.7,4.86,97.72,0.187,66.1,7730,708.3,DUE SOON
KM20,19035.5,5.29,97.26,0.17,61.8,7326,964.5,DUE SOON
KM01,12339.9,9.99,109.36,0.138,53.3,4147,2660.1,OPTIMAL
KM18,12401.1,9.68,112.94,0.124,54.1,4329,2598.9,OPTIMAL
KM22,20670.9,13.19,117.7,0.059,46.9,1274,4329.1,OPTIMAL
KM20,8141.0,7.66,97.62,0.133,59.8,5729,1859.0,OPTIMAL
KM20,12125.0,10.15,104.94,0.092,51.8,3791,2875.0,OPTIMAL
KM25,20854.4,12.63,124.17,0.058,47.9,1478,4145.6,OPTIMAL
KM15,26664.1,10.87,109.49,0.096,55.5,3062,3335.9,OPTIMAL
KM15,15717.9,12.73,120.23,0.081,41.0,1389,4282.1,OPTIMAL
KM06,9105.0,5.37,102.1,0.165,64.5,7402,895.0,DUE SOON
KM22,17693.1,8.74,105.97,0.116,60.9,4851,2306.9,OPTIMAL
KM19,26833.5,10.31,115.33,0.101,53.7,3249,3166.5,OPTIMAL
KM16,18787.3,5.23,101.01,0.187,62.4,6830,1212.7,DUE SOON
KM09,12555.6,8.75,115.08,0.14,53.9,4632,2444.4,OPTIMAL
KM07,5979.9,12.5,117.37,0.065,45.3,1849,4020.1,OPTIMAL
KM01,19004.0,5.51,101.61,0.191,60.9,7217,996.0,DUE SOON
KM10,14624.3,3.51,93.87,0.186,67.0,8293,375.7,IMMINENT
KM01,25122.0,14.28,123.82,0.054,48.0,182,4878.0,OPTIMAL
KM11,18043.7,7.7,109.87,0.132,59.3,5458,1956.3,OPTIMAL
KM22,22090.2,9.42,104.38,0.122,49.5,3843,2909.8,OPTIMAL
KM11,14005.1,5.58,105.75,0.165,66.5,7195,994.9,DUE SOON
KM05,22129.4,10.0,112.59,0.125,57.3,3820,2870.6,OPTIMAL
KM01,9019.7,5.31,93.26,0.153,65.8,7287,980.3,DUE SOON
KM25,23273.2,7.33,106.1,0.149,61.8,5953,1726.8,OPTIMAL
KM17,14404.9,4.52,94.57,0.201,74.1,7947,595.1,DUE SOON
KM10,24820.4,3.56,93.86,0.182,68.5,8674,179.6,IMMINENT
KM09,4910.0,3.61,97.59,0.201,71.4,8843,90.0,IMMINENT
KM22,15387.7,13.37,114.11,0.027,45.6,715,4612.3,OPTIMAL
KM10,17952.6,8.3,106.07,0.136,56.0,5289,2047.4,OPTIMAL
KM19,9731.0,3.91,98.14,0.234,68.4,8526,269.0,IMMINENT
KM01,12296.0,8.74,110.08,0.11,56.2,4000,2704.0,OPTIMAL
KM22,16323.8,11.82,113.21,0.117,49.2,2418,3676.2,OPTIMAL
KM24,19532.0,4.31,92.2,0.201,67.8,8023,468.0,IMMINENT
KM17,17311.8,9.35,110.12,0.136,57.3,4149,2688.2,OPTIMAL
KM11,19437.4,4.24,104.85,0.205,67.8,7984,562.6,DUE SOON
KM19,8351.5,6.47,107.42,0.207,59.9,6093,1648.5,OPTIMAL
KM15,13323.5,7.1,100.59,0.156,63.0,6007,1676.5,OPTIMAL
KM20,18328.7,6.99,102.58,0.15,59.9,6059,1671.3,OPTIMAL
KM10,9332.0,4.86,93.58,0.187,65.8,7767,668.0,DUE SOON
KM20,1746.3,11.69,113.59,0.1,54.6,3123,3253.7,OPTIMAL
KM17,10764.1,13.47,117.18,0.043,50.8,1435,4235.9,OPTIMAL
KM07,19130.5,3.99,102.02,0.175,69.1,7379,869.5,DUE SOON
KM06,21124.4,12.22,115.62,0.106,51.0,2033,3875.6,OPTIMAL
KM22,21352.4,11.38,110.24,0.063,47.6,2509,3647.6,OPTIMAL
KM08,9130.2,5.39,96.6,0.201,64.7,7365,869.8,DUE SOON
KM17,16578.4,11.2,111.45,0.081,52.3,2838,3421.6,OPTIMAL
KM17,7978.5,8.29,108.67,0.15,60.1,5302,2021.5,OPTIMAL
KM21,19602.6,4.31,98.84,0.185,69.9,8223,397.4,IMMINENT
KM15,23095.3,7.43,104.41,0.161,61.1,5539,1904.7,OPTIMAL
KM08,1356.6,11.56,111.89,0.096,48.3,2445,3643.4,OPTIMAL
KM18,22053.7,10.61,108.44,0.14,53.8,3791,2946.3,OPTIMAL
KM18,23734.0,6.33,103.21,0.151,64.8,6751,1266.0,DUE SOON
KM10,657.3,12.44,112.01,0.048,42.8,1168,4342.7,OPTIMAL
KM16,9085.4,4.76,100.53,0.194,63.0,7333,914.6,DUE SOON
KM11,647.0,13.5,119.4,0.039,41.9,1174,4353.0,OPTIMAL
KM19,12663.1,8.85,103.41,0.159,58.2,4723,2336.9,OPTIMAL
KM24,10926.0,12.22,109.34,0.066,52.7,1651,4074.0,OPTIMAL
KM22,22621.4,9.88,109.66,0.158,56.5,4685,2378.6,OPTIMAL
KM18,10466.9,13.8,120.28,0.059,43.4,920,4533.1,OPTIMAL
KM07,16980.8,10.1,112.35,0.098,58.1,3538,3019.2,OPTIMAL
KM14,5167.5,13.98,122.58,0.052,44.1,303,4832.5,OPTIMAL
KM24,26722.2,10.64,112.25,0.117,52.8,3152,3277.8,OPTIMAL
KM22,16537.7,12.01,116.76,0.083,50.2,2814,3462.3,OPTIMAL
KM16,19493.7,4.11,97.7,0.24,70.2,8063,506.3,DUE SOON
KM09,27924.0,7.87,105.68,0.163,58.1,5254,2076.0,OPTIMAL
KM07,12473.3,9.26,114.18,0.114,55.0,4484,2526.7,OPTIMAL
KM14,11103.9,12.42,108.29,0.072,47.5,1974,3896.1,OPTIMAL
KM03,27595.9,8.87,109.19,0.115,55.4,4727,2404.1,OPTIMAL
KM04,19034.8,5.47,101.15,0.198,63.6,7166,965.2,DUE SOON
KM14,22604.6,8.81,107.92,0.118,53.7,4689,2395.4,OPTIMAL
KM03,586.4,13.55,116.66,0.066,45.2,1132,4413.6,OPTIMAL
KM21,12011.7,10.47,116.9,0.108,57.8,3661,2988.3,OPTIMAL
KM08,18765.5,5.89,97.02,0.176,62.2,6883,1234.5,DUE SOON
KM12,13787.5,6.07,99.36,0.192,62.5,6870,1212.5,DUE SOON
KM23,19709.6,3.52,85.94,0.21,71.7,8481,290.4,IMMINENT
KM14,18230.5,6.56,105.03,0.134,63.8,5756,1769.5,OPTIMAL
KM06,4120.5,5.2,100.32,0.188,68.0,7459,879.5,DUE SOON
KM06,27173.0,9.86,104.72,0.122,57.2,3885,2827.0,OPTIMAL
KM03,25084.6,14.3,116.07,0.02,44.6,159,4915.4,OPTIMAL
KM20,7365.9,9.99,109.36,0.131,58.6,4293,2634.1,OPTIMAL
KM22,7797.7,8.84,107.01,0.126,55.7,5070,2202.3,OPTIMAL
KM15,25482.0,13.77,108.64,0.026,43.2,890,4518.0,OPTIMAL
KM02,21411.7,10.86,113.42,0.088,51.4,2530,3588.3,OPTIMAL
KM11,1337.8,11.05,110.91,0.072,55.5,2419,3662.2,OPTIMAL
KM09,13379.1,7.06,104.36,0.14,63.0,6043,1620.9,OPTIMAL
KM15,13306.3,6.79,103.99,0.16,62.7,6029,1693.7,OPTIMAL
KM10,11282.6,12.14,115.02,0.075,51.1,2342,3717.4,OPTIMAL
KM23,26002.3,11.86,109.25,0.06,46.5,1882,3997.7,OPTIMAL
KM08,21819.2,10.91,106.09,0.113,52.7,3309,3180.8,OPTIMAL
KM19,5788.5,13.69,119.55,0.046,46.8,1546,4211.5,OPTIMAL
KM22,8130.3,7.14,110.24,0.144,59.0,5552,1869.7,OPTIMAL
KM18,27771.6,8.51,107.46,0.14,57.3,5024,2228.4,OPTIMAL
KM06,2199.7,10.16,110.19,0.118,55.5,3877,2800.3,OPTIMAL
KM22,18702.6,6.11,104.79,0.186,64.9,6673,1297.4,DUE SOON
KM05,3656.9,5.78,101.26,0.184,60.1,6563,1343.1,DUE SOON
KM12,25502.3,13.41,122.03,0.041,42.8,873,4497.7,OPTIMAL
KM03,9908.0,2.73,94.42,0.222,68.1,8743,92.0,IMMINENT
KM15,26622.2,11.0,113.55,0.089,54.0,3011,3377.8,OPTIMAL
KM05,10266.1,14.34,117.64,0.078,44.0,548,4733.9,OPTIMAL
KM20,797.3,13.91,117.88,0.076,46.9,1389,4202.7,OPTIMAL
KM23,10442.4,13.87,114.44,0.061,43.9,831,4557.6,OPTIMAL
KM19,18614.7,5.93,98.12,0.171,62.9,6444,1385.3,DUE SOON
KM22,12147.6,10.12,112.29,0.118,52.9,3811,2852.4,OPTIMAL
KM10,10378.2,14.0,119.83,0.06,38.7,664,4621.8,OPTIMAL
KM08,4853.4,3.32,93.21,0.219,68.5,8770,146.6,IMMINENT
KM03,6584.1,11.29,116.88,0.09,49.8,2909,3415.9,OPTIMAL
KM17,8083.3,7.81,105.49,0.179,55.7,5541,1916.7,OPTIMAL
KM06,4933.5,3.0,95.97,0.218,73.9,8905,66.5,IMMINENT
KM13,6659.5,10.99,105.26,0.115,54.7,3023,3340.5,OPTIMAL
KM16,1786.6,11.15,108.52,0.076,56.0,3198,3213.4,OPTIMAL
KM06,19085.1,5.42,100.39,0.169,63.9,7369,914.9,DUE SOON
KM04,12027.5,10.27,103.8,0.118,57.7,3650,2972.5,OPTIMAL
KM09,9108.9,6.04,96.8,0.171,62.5,7382,891.1,DUE SOON
KM18,19129.5,5.33,105.86,0.181,64.4,7446,870.5,DUE SOON
KM05,721.6,13.17,114.9,0.023,46.1,1314,4278.4,OPTIMAL
KM09,8982.9,6.09,92.81,0.195,64.1,7190,1017.1,DUE SOON
KM09,6299.4,11.77,114.71,0.071,48.8,2413,3700.6,OPTIMAL
KM13,27734.1,9.03,106.62,0.133,60.5,4975,2265.9,OPTIMAL
KM17,8873.5,5.78,104.43,0.192,63.7,6949,1126.5,DUE SOON
KM24,11999.0,10.07,111.56,0.116,52.7,3560,3001.0,OPTIMAL
KM23,22636.5,8.9,105.92,0.144,55.5,4739,2363.5,OPTIMAL
KM17,6865.6,10.41,108.3,0.106,52.7,3332,3134.4,OPTIMAL
KM18,24093.8,5.45,103.71,0.2,62.3,7416,906.2,DUE SOON
KM22,15465.5,14.67,121.48,0.041,45.8,824,4534.5,OPTIMAL
KM15,14612.5,4.39,95.7,0.196,65.2,8284,387.5,IMMINENT
KM16,5814.4,13.13,116.5,0.062,44.0,1417,4185.6,OPTIMAL
KM14,21192.9,12.14,111.41,0.054,47.0,2180,3807.1,OPTIMAL
KM19,6446.9,12.48,110.09,0.078,50.4,2647,3553.1,OPTIMAL
KM25,7874.8,8.56,98.62,0.138,58.5,5169,2125.2,OPTIMAL
KM23,22578.4,8.98,101.93,0.114,54.6,4622,2421.6,OPTIMAL
KM19,11810.9,10.35,106.36,0.113,54.6,3240,3189.1,OPTIMAL
KM20,18550.6,6.01,98.91,0.169,61.7,6367,1449.4,DUE SOON
KM07,3725.2,6.24,97.24,0.175,66.9,6687,1274.8,DUE SOON
KM10,12255.9,8.99,111.57,0.093,53.7,4082,2744.1,OPTIMAL
KM21,12314.6,9.71,106.86,0.127,52.9,4082,2685.4,OPTIMAL
KM17,24972.6,3.0,97.79,0.208,71.3,8930,27.4,IMMINENT
KM12,2177.7,9.98,108.03,0.103,53.3,3918,2822.3,OPTIMAL
KM10,6916.7,10.55,115.9,0.119,53.4,3400,3083.3,OPTIMAL
KM20,19788.0,3.36,91.12,0.197,68.2,8622,212.0,IMMINENT
KM25,7611.3,8.85,107.25,0.13,60.2,4589,2388.7,OPTIMAL
KM24,14046.5,4.82,101.81,0.205,63.6,7225,953.5,DUE SOON
KM07,14257.7,4.65,92.04,0.209,65.4,7702,742.3,DUE SOON
KM24,23918.8,6.23,103.9,0.187,66.7,6976,1081.2,DUE SOON
KM13,7978.8,7.65,107.72,0.13,61.7,5448,2021.2,OPTIMAL
KM14,20541.4,13.23,112.31,0.03,46.8,936,4458.6,OPTIMAL
KM20,18234.8,7.12,99.79,0.141,61.6,5727,1765.2,OPTIMAL
KM14,854.7,12.48,116.26,0.072,48.2,1495,4145.3,OPTIMAL
KM25,11061.2,12.44,112.53,0.058,45.1,1906,3938.8,OPTIMAL
KM11,23317.4,7.06,104.72,0.158,63.0,5958,1682.6,OPTIMAL
KM01,11574.4,12.02,116.95,0.114,48.8,2813,3425.6,OPTIMAL
KM03,20808.9,13.37,117.34,0.045,47.7,1439,4191.1,OPTIMAL
KM19,20581.9,13.07,112.36,0.068,50.5,996,4418.1,OPTIMAL
KM22,6894.9,10.34,104.51,0.081,53.1,3357,3105.1,OPTIMAL
KM09,2865.9,8.51,110.39,0.177,59.7,5095,2134.1,OPTIMAL
KM11,1643.4,10.27,111.71,0.087,48.5,2999,3356.6,OPTIMAL
KM08,15481.2,13.75,114.8,0.075,44.8,901,4518.8,OPTIMAL
KM21,9183.8,5.37,104.0,0.176,69.5,7516,816.2,DUE SOON
KM11,10675.7,12.74,122.36,0.068,47.7,1128,4324.3,OPTIMAL
KM25,10890.6,12.94,113.57,0.053,47.0,1499,4109.4,OPTIMAL
KM13,3666.5,6.47,100.81,0.186,66.5,6543,1333.5,DUE SOON
KM22,18326.4,6.95,105.41,0.196,59.3,5897,1673.6,OPTIMAL
KM20,8677.4,5.58,103.54,0.158,62.9,6598,1322.6,DUE SOON
KM22,2110.5,9.07,114.21,0.119,56.4,3854,2889.5,OPTIMAL
KM18,15074.2,15.05,123.15,0.068,41.7,119,4925.8,OPTIMAL
KM16,15854.7,13.08,119.46,0.078,52.7,1522,4145.3,OPTIMAL
KM09,23282.1,7.91,103.41,0.146,63.1,5929,1717.9,OPTIMAL
KM18,8941.7,5.3,96.22,0.167,60.0,7158,1058.3,DUE SOON
KM19,14697.8,3.55,99.24,0.211,67.8,8558,302.2,IMMINENT
KM05,22112.9,10.55,114.05,0.121,50.2,3862,2887.1,OPTIMAL
KM07,10976.2,13.3,115.65,0.066,46.9,1797,4023.8,OPTIMAL
KM05,25402.3,14.2,119.87,0.034,43.6,725,4597.7,OPTIMAL
KM24,15753.9,13.88,118.01,0.084,47.4,1424,4246.1,OPTIMAL
KM23,7303.5,9.52,108.97,0.119,54.8,4125,2696.5,OPTIMAL
KM22,2138.6,9.87,114.91,0.125,50.1,3856,2861.4,OPTIMAL
KM07,10779.7,12.96,113.56,0.076,42.7,1455,4220.3,OPTIMAL
KM19,24798.0,3.62,92.69,0.203,68.3,8635,202.0,IMMINENT
KM03,2456.8,8.43,115.31,0.131,58.3,4430,2543.2,OPTIMAL
KM05,12907.8,8.56,109.11,0.119,53.1,5136,2092.2,OPTIMAL
KM18,5171.9,15.24,119.62,0.051,43.3,292,4828.1,OPTIMAL
KM14,8362.3,7.34,99.34,0.169,60.4,6031,1637.7,OPTIMAL
KM15,11876.2,10.12,117.94,0.115,52.6,3375,3123.8,OPTIMAL
KM05,3166.6,7.81,106.15,0.146,61.0,5796,1833.4,OPTIMAL
KM18,9629.6,4.02,102.64,0.229,71.1,8310,370.4,IMMINENT
KM14,26944.4,9.97,109.97,0.136,56.3,3537,3055.6,OPTIMAL
KM22,5474.5,14.1,121.94,0.049,48.7,914,4525.5,OPTIMAL
KM20,24326.6,4.5,99.01,0.19,65.6,7734,673.4,DUE SOON
KM16,19083.4,4.74,107.46,0.189,63.5,7263,916.6,DUE SOON
KM21,27767.2,7.61,103.84,0.122,57.0,5084,2232.8,OPTIMAL
KM23,16698.1,11.0,113.59,0.112,48.5,3025,3301.9,OPTIMAL
KM12,6277.9,12.33,118.43,0.077,45.1,2321,3722.1,OPTIMAL
KM09,20980.3,13.17,113.6,0.059,47.6,1671,4019.7,OPTIMAL
KM22,12025.2,10.38,111.26,0.151,48.7,3643,2974.8,OPTIMAL
KM06,3011.0,8.05,103.7,0.151,56.3,5375,1989.0,OPTIMAL
KM24,14837.9,2.84,95.66,0.215,71.4,8717,162.1,IMMINENT
KM02,17741.6,8.24,111.18,0.123,55.2,4887,2258.4,OPTIMAL
KM16,5962.7,12.88,111.92,0.059,52.7,1799,4037.3,OPTIMAL
KM06,17424.1,9.15,102.71,0.117,53.3,4425,2575.9,OPTIMAL
KM15,11154.9,12.39,112.57,0.093,45.9,2033,3845.1,OPTIMAL
KM15,4729.1,3.69,100.35,0.239,70.4,8536,270.9,IMMINENT
KM10,20737.7,13.15,114.72,0.062,42.6,1382,4262.3,OPTIMAL
KM09,4284.8,5.44,94.34,0.224,66.3,7721,715.2,DUE SOON
KM07,2802.4,8.02,99.83,0.12,56.6,4999,2197.6,OPTIMAL
KM23,4094.7,4.69,103.1,0.167,65.8,7271,905.3,DUE SOON
KM18,6181.0,12.15,118.23,0.061,50.7,2128,3819.0,OPTIMAL
KM24,23193.3,7.59,108.24,0.147,60.9,5809,1806.7,OPTIMAL
KM19,22169.2,9.24,108.09,0.125,53.2,4029,2830.8,OPTIMAL
KM17,8817.8,6.06,102.6,0.182,63.7,6815,1182.2,DUE SOON
KM17,18907.3,5.13,97.45,0.169,62.9,7024,1092.7,DUE SOON
KM11,24189.0,4.47,94.02,0.202,66.9,7533,811.0,DUE SOON
KM07,4121.4,4.97,103.51,0.201,62.2,7459,878.6,DUE SOON
KM03,5143.6,14.63,118.68,0.063,42.6,202,4856.4,OPTIMAL
KM11,19107.7,5.3,94.57,0.213,60.7,7429,892.3,DUE SOON
KM17,13174.7,7.23,105.64,0.145,60.6,5738,1825.3,OPTIMAL
KM17,8866.7,5.35,101.92,0.164,61.0,6899,1133.3,DUE SOON
KM15,26939.0,9.92,116.12,0.096,50.8,3483,3061.0,OPTIMAL
KM24,27383.7,9.16,107.73,0.128,52.1,4296,2616.3,OPTIMAL
KM18,12618.3,8.71,111.1,0.117,56.7,4723,2381.7,OPTIMAL
KM24,15076.7,15.04,109.91,0.03,43.5,182,4923.3,OPTIMAL
KM11,13095.8,7.23,101.21,0.121,59.7,5612,1904.2,OPTIMAL
KM16,10851.4,13.01,112.56,0.11,48.5,1676,4148.6,OPTIMAL
KM22,20913.0,12.75,114.28,0.071,49.0,1645,4087.0,OPTIMAL
KM18,2507.6,9.4,110.93,0.145,58.0,4472,2492.4,OPTIMAL
KM06,3470.8,6.37,99.39,0.177,57.9,6242,1529.2,OPTIMAL
KM17,12715.0,8.81,106.84,0.168,57.9,4885,2285.0,OPTIMAL
KM24,9319.9,5.31,100.32,0.201,66.8,7827,680.1,DUE SOON
KM21,15203.2,14.63,117.32,0.06,39.8,373,4796.8,OPTIMAL
KM22,15777.6,13.4,109.45,0.082,45.6,1398,4222.4,OPTIMAL
KM09,15268.6,13.99,116.83,0.064,46.3,423,4731.4,OPTIMAL
KM15,22036.9,9.98,106.27,0.116,56.7,3695,2963.1,OPTIMAL
KM12,12602.0,8.92,101.06,0.132,55.7,4683,2398.0,OPTIMAL
KM23,27471.8,9.03,117.6,0.124,59.8,4531,2528.2,OPTIMAL
KM18,9033.5,5.02,105.62,0.185,66.6,7325,966.5,DUE SOON
KM22,3751.1,5.47,99.48,0.166,61.6,6797,1248.9,DUE SOON
KM23,11286.0,11.49,111.97,0.09,49.1,2323,3714.0,OPTIMAL
KM14,13649.4,5.99,106.96,0.16,67.7,6652,1350.6,DUE SOON
KM18,25912.0,12.73,116.43,0.092,48.5,1652,4088.0,OPTIMAL
KM10,4583.9,3.5,98.6,0.191,66.9,8220,416.1,IMMINENT
KM10,16020.9,12.83,115.45,0.087,51.7,1845,3979.1,OPTIMAL
KM17,5811.9,13.93,106.75,0.074,40.7,1395,4188.1,OPTIMAL
KM22,2487.6,9.18,112.01,0.133,53.8,4545,2512.4,OPTIMAL
KM21,11137.2,12.49,113.26,0.065,48.3,2070,3862.8,OPTIMAL
KM21,16186.3,12.24,120.66,0.092,47.8,2057,3813.7,OPTIMAL
KM24,2726.2,8.31,108.8,0.15,53.2,4917,2273.8,OPTIMAL
KM04,26681.7,11.03,114.06,0.123,50.8,2943,3318.3,OPTIMAL
KM05,24497.2,4.22,94.02,0.185,69.4,8150,502.8,DUE SOON
KM03,10170.4,14.42,119.72,0.059,44.7,335,4829.6,OPTIMAL
KM03,12426.6,9.33,111.87,0.148,57.4,4389,2573.4,OPTIMAL
KM01,1909.7,10.26,117.13,0.095,56.7,3421,3090.3,OPTIMAL
KM06,17955.5,7.67,102.28,0.125,59.1,5370,2044.5,OPTIMAL
KM13,10963.3,13.03,115.49,0.06,51.4,1660,4036.7,OPTIMAL
KM12,13565.3,6.42,105.97,0.153,64.1,6365,1434.7,DUE SOON
KM16,525.9,13.8,120.38,0.041,45.4,1007,4474.1,OPTIMAL
KM20,24066.5,5.25,102.56,0.198,65.9,7233,933.5,DUE SOON
KM12,18332.8,7.3,101.94,0.148,61.6,6060,1667.2,OPTIMAL
KM19,5772.7,12.3,121.72,0.075,45.4,1379,4227.3,OPTIMAL
KM05,5500.0,14.07,112.67,0.054,45.6,991,4500.0,OPTIMAL
KM15,4365.0,4.46,90.84,0.207,67.7,7877,635.0,DUE SOON
KM03,8922.4,5.51,103.98,0.165,67.3,7066,1077.6,DUE SOON
KM17,3835.8,5.67,93.26,0.208,66.7,6884,1164.2,DUE SOON
KM22,25204.8,14.95,114.98,0.051,44.1,337,4795.2,OPTIMAL
KM06,5780.6,12.68,122.13,0.064,52.6,1302,4219.4,OPTIMAL
KM21,20520.3,13.61,115.03,0.07,43.5,1003,4479.7,OPTIMAL
KM14,24040.0,5.0,102.27,0.182,66.8,7322,960.0,DUE SOON
KM06,1509.6,11.76,104.14,0.09,54.6,2735,3490.4,OPTIMAL
KM24,9426.8,4.85,102.89,0.191,64.7,7891,573.2,DUE SOON
KM18,2559.6,9.91,104.34,0.123,60.3,4608,2440.4,OPTIMAL
KM10,16362.2,11.26,112.34,0.081,45.7,2448,3637.8,OPTIMAL
KM18,10020.4,15.17,114.77,0.06,44.3,50,4979.6,OPTIMAL
KM21,3236.1,6.59,107.03,0.169,56.6,5767,1763.9,OPTIMAL
KM23,7793.2,9.43,102.23,0.138,58.1,4964,2206.8,OPTIMAL
KM22,7368.0,8.94,106.5,0.136,62.3,4257,2632.0,OPTIMAL
KM22,19610.3,3.78,95.29,0.22,66.7,8319,389.7,IMMINENT
KM13,18338.8,6.89,106.54,0.154,58.8,6047,1661.2,OPTIMAL
KM15,5561.2,13.2,116.54,0.085,46.6,944,4438.8,OPTIMAL
KM05,27876.6,8.74,104.31,0.161,57.6,5197,2123.4,OPTIMAL
KM10,1446.9,11.35,118.01,0.089,52.3,2608,3553.1,OPTIMAL
KM22,17582.6,8.89,101.78,0.153,56.3,4640,2417.4,OPTIMAL
KM21,9634.7,4.23,100.9,0.218,69.6,8383,365.3,IMMINENT
KM05,11476.0,11.75,110.04,0.091,49.3,2584,3524.0,OPTIMAL
KM05,12449.6,9.33,106.95,0.132,58.6,4370,2550.4,OPTIMAL
KM04,13953.7,5.66,98.06,0.189,63.6,7078,1046.3,DUE SOON
KM01,5120.6,15.1,114.76,0.02,43.0,185,4879.4,OPTIMAL
KM10,19036.0,5.06,93.33,0.187,64.4,7279,964.0,DUE SOON
KM15,10626.9,13.64,116.64,0.068,47.7,1128,4373.1,OPTIMAL
KM16,15244.3,14.59,125.71,0.047,44.2,520,4755.7,OPTIMAL
KM17,2788.6,8.37,105.82,0.157,57.8,4982,2211.4,OPTIMAL
KM24,20489.1,13.95,119.24,0.049,47.1,883,4510.9,OPTIMAL
KM05,24091.1,6.2,95.74,0.178,63.9,7327,908.9,DUE SOON
KM20,27264.7,9.64,105.99,0.092,53.4,4072,2735.3,OPTIMAL
KM10,20016.0,15.22,121.03,0.033,40.0,0,4984.0,OPTIMAL
KM21,2678.4,8.71,101.51,0.135,58.8,4846,2321.6,OPTIMAL
KM13,21452.0,12.21,112.1,0.106,45.9,2745,3548.0,OPTIMAL
KM10,14515.6,4.14,97.78,0.213,67.2,8131,484.4,IMMINENT
KM25,26869.0,10.77,111.63,0.091,50.0,3315,3131.0,OPTIMAL
KM01,27966.8,7.84,102.66,0.154,51.5,5297,2033.2,OPTIMAL
KM13,24416.2,4.85,105.21,0.195,63.1,7916,583.8,DUE SOON
KM17,25513.9,13.89,117.53,0.053,40.8,979,4486.1,OPTIMAL
KM07,24347.4,4.2,97.96,0.194,65.6,7795,652.6,DUE SOON
KM10,27732.8,9.07,111.76,0.129,58.6,4840,2267.2,OPTIMAL
KM09,21998.9,10.67,115.82,0.111,48.6,3642,3001.1,OPTIMAL
KM12,19901.0,3.0,92.56,0.208,68.4,8798,99.0,IMMINENT
KM22,12751.7,8.58,106.53,0.146,60.1,4963,2248.3,OPTIMAL
KM22,25960.3,13.14,121.58,0.069,45.9,1810,4039.7,OPTIMAL
KM08,27085.2,9.75,112.61,0.111,53.5,3778,2914.8,OPTIMAL
KM12,4917.4,3.42,92.36,0.212,68.5,8871,82.6,IMMINENT
KM12,26584.3,11.44,112.42,0.121,51.2,2927,3415.7,OPTIMAL
KM12,27541.9,8.59,102.85,0.143,60.1,4588,2458.1,OPTIMAL
KM06,14032.5,5.57,106.26,0.172,63.8,7321,967.5,DUE SOON
KM03,26290.2,12.21,114.96,0.086,47.3,2286,3709.8,OPTIMAL
KM02,3955.2,5.83,96.29,0.17,63.1,7051,1044.8,DUE SOON
KM10,703.3,13.77,116.6,0.044,40.7,1320,4296.7,OPTIMAL
KM03,7836.9,8.59,111.95,0.143,58.1,5111,2163.1,OPTIMAL
KM06,19398.9,4.6,97.33,0.173,64.3,7970,601.1,DUE SOON
KM15,4269.0,4.45,99.7,0.198,66.3,7637,731.0,DUE SOON
KM13,25665.2,13.21,114.09,0.039,47.0,1094,4334.8,OPTIMAL
KM11,20360.9,14.26,118.93,0.034,42.9,737,4639.1,OPTIMAL
KM11,12854.9,7.99,104.96,0.148,55.9,5134,2145.1,OPTIMAL
KM12,4165.3,5.26,96.76,0.195,66.9,7526,834.7,DUE SOON
KM22,17781.2,8.54,105.81,0.164,57.6,5046,2218.8,OPTIMAL
KM05,1445.4,11.78,110.08,0.095,45.7,2574,3554.6,OPTIMAL
KM10,7790.6,8.41,105.25,0.135,64.2,5126,2209.4,OPTIMAL
KM16,3434.6,6.64,106.38,0.169,62.3,6237,1565.4,OPTIMAL
KM13,1856.0,10.79,109.1,0.097,48.8,3348,3144.0,OPTIMAL
KM15,12983.0,7.61,116.15,0.151,58.1,5307,2017.0,OPTIMAL
KM03,22200.1,9.06,113.42,0.112,50.8,3973,2799.9,OPTIMAL
KM01,14641.2,4.11,90.18,0.211,69.9,8394,358.8,IMMINENT
KM20,1598.6,10.73,110.18,0.092,55.6,2872,3401.4,OPTIMAL
KM06,26035.3,12.77,109.27,0.093,45.9,1865,3964.7,OPTIMAL
KM06,25631.6,13.25,119.75,0.047,48.3,1128,4368.4,OPTIMAL
KM15,18526.5,6.72,102.78,0.16,57.3,6236,1473.5,DUE SOON
KM21,24407.2,4.42,104.88,0.183,67.2,7923,592.8,DUE SOON
KM01,15640.7,13.25,115.95,0.081,47.1,1052,4359.3,OPTIMAL
KM15,19304.2,4.34,102.17,0.191,66.8,7776,695.8,DUE SOON
KM09,23609.6,6.39,107.02,0.174,59.3,6430,1390.4,DUE SOON
KM24,27080.4,10.66,107.98,0.122,55.6,3778,2919.6,OPTIMAL
KM10,10193.2,14.41,122.43,0.053,43.4,367,4806.8,OPTIMAL
KM20,9940.8,2.75,88.71,0.234,67.9,8903,59.2,IMMINENT
KM02,2045.9,10.31,112.32,0.12,55.7,3614,2954.1,OPTIMAL
KM17,12379.7,9.04,105.57,0.115,57.0,4258,2620.3,OPTIMAL
KM13,6322.1,11.77,115.07,0.079,51.6,2379,3677.9,OPTIMAL
KM16,21227.3,11.87,112.73,0.056,51.2,2207,3772.7,OPTIMAL
KM04,12819.2,7.72,106.82,0.141,55.2,5022,2180.8,OPTIMAL
KM10,2024.7,10.2,114.89,0.121,52.5,3668,2975.3,OPTIMAL
KM04,15505.9,14.29,113.53,0.067,38.2,1000,4494.1,OPTIMAL
KM03,8852.7,5.82,97.09,0.172,64.4,6952,1147.3,DUE SOON
KM20,23600.5,6.72,98.58,0.171,60.6,6456,1399.5,DUE SOON
KM16,18535.1,5.73,103.99,0.183,65.5,6411,1464.9,DUE SOON
KM19,23390.8,6.91,107.41,0.18,58.3,6143,1609.2,OPTIMAL
KM20,8063.2,7.45,103.12,0.147,62.4,5438,1936.8,OPTIMAL
KM12,9035.2,5.34,101.3,0.194,64.3,7260,964.8,DUE SOON
KM09,7964.3,8.42,100.82,0.156,61.2,5316,2035.7,OPTIMAL
KM17,23132.6,8.22,107.13,0.135,63.6,5558,1867.4,OPTIMAL
KM06,965.1,12.78,116.91,0.064,45.3,1748,4034.9,OPTIMAL
KM05,2809.0,8.23,108.44,0.16,57.9,5049,2191.0,OPTIMAL
KM03,3254.3,6.87,101.39,0.146,59.7,5798,1745.7,OPTIMAL
KM13,25417.8,13.27,122.96,0.068,42.6,790,4582.2,OPTIMAL
KM13,23681.0,5.46,99.75,0.161,64.0,6694,1319.0,DUE SOON
KM07,4014.8,5.92,93.15,0.195,64.7,7209,985.2,DUE SOON
KM24,12381.9,9.11,113.33,0.123,57.7,4369,2618.1,OPTIMAL
KM18,4468.6,3.75,96.28,0.208,68.7,8001,531.4,DUE SOON
KM08,24754.3,3.21,101.2,0.216,69.0,8509,245.7,IMMINENT
KM19,14745.4,2.82,96.21,0.209,67.4,8628,254.6,IMMINENT
KM19,7902.7,8.05,106.16,0.137,55.6,5187,2097.3,OPTIMAL
KM17,11929.8,10.41,112.75,0.104,51.3,3570,3070.2,OPTIMAL
KM11,19781.5,3.5,103.7,0.196,68.4,8641,218.5,IMMINENT
KM18,12906.1,8.19,108.02,0.169,54.8,5229,2093.9,OPTIMAL
KM23,6487.4,11.15,110.49,0.077,42.8,2686,3512.6,OPTIMAL
KM19,4058.0,5.03,96.51,0.182,62.4,7409,942.0,DUE SOON
KM21,8815.9,5.86,98.34,0.173,63.2,6849,1184.1,DUE SOON
KM17,20159.7,14.23,112.12,0.036,42.4,195,4840.3,OPTIMAL
KM01,19019.0,5.01,100.91,0.181,63.1,7307,981.0,DUE SOON
KM23,22514.7,9.24,109.02,0.146,55.6,4558,2485.3,OPTIMAL
KM17,27054.3,10.58,104.74,0.11,54.2,3719,2945.7,OPTIMAL
KM25,1366.6,11.92,114.41,0.076,50.3,2500,3633.4,OPTIMAL
KM21,22800.7,8.05,105.48,0.162,56.5,5089,2199.3,OPTIMAL
KM08,9890.4,3.28,97.96,0.208,69.9,8728,109.6,IMMINENT
KM23,23878.7,5.66,100.46,0.215,66.7,7017,1121.3,DUE SOON
KM07,16982.4,10.2,111.61,0.109,53.8,3594,3017.6,OPTIMAL
KM06,18851.6,5.62,98.83,0.169,60.9,6940,1148.4,DUE SOON
KM05,24490.9,3.69,93.21,0.207,67.2,8111,509.1,DUE SOON
KM05,16585.6,11.08,108.47,0.106,51.9,2957,3414.4,OPTIMAL
KM16,2960.5,7.79,109.61,0.143,58.0,5308,2039.5,OPTIMAL
KM15,12806.3,8.09,106.41,0.145,59.2,5037,2193.7,OPTIMAL
KM16,20125.7,14.89,120.42,0.06,42.2,174,4874.3,OPTIMAL
KM18,12964.9,7.78,109.6,0.114,57.6,5359,2035.1,OPTIMAL
KM19,22413.7,10.08,112.26,0.118,54.4,4336,2586.3,OPTIMAL
KM08,11596.8,11.21,103.65,0.075,52.0,2870,3403.2,OPTIMAL
KM20,15829.6,12.43,116.73,0.065,46.1,1430,4170.4,OPTIMAL
KM17,1466.9,11.29,104.87,0.062,52.1,2665,3533.1,OPTIMAL
KM04,8148.1,7.47,104.22,0.133,62.0,5620,1851.9,OPTIMAL
KM09,20005.6,15.01,118.63,0.03,44.9,0,4994.4,OPTIMAL
KM02,16544.2,11.17,117.58,0.093,48.2,2807,3455.8,OPTIMAL
KM24,5697.1,13.72,112.84,0.041,46.2,1333,4302.9,OPTIMAL
KM20,15482.7,13.62,121.28,0.042,46.9,809,4517.3,OPTIMAL
KM19,6057.2,12.57,111.24,0.08,48.2,1978,3942.8,OPTIMAL
KM19,4659.8,3.54,93.36,0.186,68.7,8467,340.2,IMMINENT
KM12,995.8,12.69,111.49,0.079,49.0,1784,4004.2,OPTIMAL
KM24,27480.2,8.49,105.43,0.134,55.0,4475,2519.8,OPTIMAL
KM14,13902.8,5.42,101.08,0.198,69.7,7068,1097.2,DUE SOON
KM19,18805.4,5.49,104.24,0.177,59.8,6837,1194.6,DUE SOON
KM03,2038.0,10.32,110.41,0.114,56.6,3798,2962.0,OPTIMAL
KM04,16221.2,11.61,118.76,0.07,47.7,2400,3778.8,OPTIMAL
KM14,1104.5,12.12,116.93,0.069,47.1,2010,3895.5,OPTIMAL
KM24,5972.8,12.98,111.31,0.081,47.8,1775,4027.2,OPTIMAL
KM07,11569.5,11.14,114.7,0.084,47.7,2796,3430.5,OPTIMAL
KM10,24940.7,3.19,91.03,0.23,70.0,8806,59.3,IMMINENT
KM15,921.0,13.03,120.31,0.092,46.2,1633,4079.0,OPTIMAL
KM21,3837.7,5.84,106.14,0.15,63.8,6950,1162.3,DUE SOON
KM15,10914.3,12.64,119.43,0.086,48.0,1650,4085.7,OPTIMAL
KM09,21315.5,12.2,108.87,0.093,51.0,2411,3684.5,OPTIMAL
KM12,15813.1,13.18,118.31,0.058,45.7,1441,4186.9,OPTIMAL
KM21,19010.6,5.42,107.7,0.145,64.0,7150,989.4,DUE SOON
KM16,14274.1,4.35,93.03,0.203,65.4,7697,725.9,DUE SOON
KM02,26944.4,10.62,112.59,0.13,55.6,3516,3055.6,OPTIMAL
KM08,22606.1,9.04,107.03,0.119,51.3,4648,2393.9,OPTIMAL
KM09,4426.6,4.35,99.96,0.197,68.8,7948,573.4,DUE SOON
KM25,8579.3,5.92,106.23,0.168,62.0,6389,1420.7,DUE SOON
KM08,12686.0,8.39,100.68,0.116,60.5,4840,2314.0,OPTIMAL
KM17,24937.7,2.44,94.81,0.201,66.4,8901,62.3,IMMINENT
KM21,2820.2,8.77,110.47,0.157,56.2,5065,2179.8,OPTIMAL
KM15,2740.5,8.77,96.68,0.143,61.8,4851,2259.5,OPTIMAL
KM07,3956.9,5.48,106.08,0.175,64.9,7157,1043.1,DUE SOON
KM03,18244.0,6.79,105.73,0.146,59.8,5919,1756.0,OPTIMAL
KM07,14750.7,3.31,96.55,0.203,63.3,8653,249.3,IMMINENT
KM13,9057.9,5.07,98.12,0.187,67.0,7235,942.1,DUE SOON
KM15,5017.4,14.67,125.07,0.041,39.0,94,4982.6,OPTIMAL
KM08,17175.6,9.66,117.14,0.127,58.3,3968,2824.4,OPTIMAL
KM15,13139.4,6.92,107.97,0.184,57.4,5699,1860.6,OPTIMAL
KM18,12236.7,9.11,112.24,0.106,55.4,4124,2763.3,OPTIMAL
KM16,12700.3,9.25,106.04,0.149,60.6,4872,2299.7,OPTIMAL
KM18,24517.4,4.64,92.93,0.213,67.3,8124,482.6,IMMINENT
KM12,5711.8,13.46,114.93,0.054,46.7,1300,4288.2,OPTIMAL
KM07,21453.2,11.39,112.75,0.082,50.0,2593,3546.8,OPTIMAL
KM05,26558.0,11.91,109.12,0.109,54.7,2837,3442.0,OPTIMAL
KM11,7434.0,9.48,107.76,0.151,58.4,4405,2566.0,OPTIMAL
KM16,19968.4,3.13,91.21,0.232,67.1,8971,31.6,IMMINENT
KM05,15327.8,14.22,120.38,0.053,42.1,499,4672.2,OPTIMAL
KM14,17016.7,10.44,110.42,0.109,55.1,3576,2983.3,OPTIMAL
KM17,7793.8,8.17,106.55,0.153,56.1,5031,2206.2,OPTIMAL
KM17,21574.7,11.49,116.24,0.104,51.4,2838,3425.3,OPTIMAL
KM15,25928.1,13.18,115.54,0.057,47.4,1646,4071.9,OPTIMAL
KM19,11659.8,10.0,111.47,0.073,50.5,3003,3340.2,OPTIMAL
KM17,17104.3,10.24,102.85,0.111,51.4,3755,2895.7,OPTIMAL
KM01,27543.1,8.65,102.18,0.146,52.0,4600,2456.9,OPTIMAL
KM19,19287.3,4.55,100.38,0.171,66.1,7741,712.7,DUE SOON
KM15,15269.8,14.06,121.63,0.071,44.9,483,4730.2,OPTIMAL
KM07,2333.1,9.57,112.57,0.127,58.1,4239,2666.9,OPTIMAL
KM11,13148.4,7.91,99.37,0.16,59.5,5579,1851.6,OPTIMAL
KM25,19650.0,4.3,99.8,0.22,70.1,8361,350.0,IMMINENT
KM01,733.6,14.04,119.51,0.081,44.8,1313,4266.4,OPTIMAL
KM04,26767.3,11.06,106.65,0.108,48.7,3160,3232.7,OPTIMAL
KM20,3709.0,6.5,96.32,0.192,63.6,6757,1291.0,DUE SOON
KM01,2659.0,8.43,107.61,0.124,53.4,4835,2341.0,OPTIMAL
KM01,25596.5,13.5,117.04,0.078,40.5,1036,4403.5,OPTIMAL
KM13,1851.6,10.33,108.38,0.079,51.3,3384,3148.4,OPTIMAL
KM03,7988.7,7.96,103.73,0.14,59.1,5418,2011.3,OPTIMAL
KM17,15644.0,14.49,125.03,0.074,44.2,1167,4356.0,OPTIMAL
KM23,24412.4,4.31,94.84,0.211,64.6,7974,587.6,DUE SOON
KM15,14296.7,4.92,99.86,0.189,59.7,7800,703.3,DUE SOON
KM04,8360.6,6.87,102.37,0.152,59.8,6129,1639.4,OPTIMAL
KM04,4305.9,4.54,106.74,0.174,69.1,7759,694.1,DUE SOON
KM09,11694.6,10.6,107.14,0.112,55.5,3091,3305.4,OPTIMAL
KM24,7860.9,7.78,104.91,0.148,59.7,5129,2139.1,OPTIMAL
KM24,12295.3,9.17,111.06,0.161,55.9,4215,2704.7,OPTIMAL
KM24,12651.0,8.14,103.63,0.14,57.9,4831,2349.0,OPTIMAL
KM18,22299.0,9.81,112.03,0.103,55.5,4199,2701.0,OPTIMAL
KM16,17929.0,7.83,98.91,0.177,59.3,5298,2071.0,OPTIMAL
KM11,14717.7,3.83,86.79,0.221,71.0,8433,282.3,IMMINENT
KM03,2500.2,9.26,110.13,0.145,57.5,4581,2499.8,OPTIMAL
KM19,10368.9,13.95,111.94,0.075,46.8,649,4631.1,OPTIMAL
KM01,26072.8,11.62,116.88,0.09,45.6,1945,3927.2,OPTIMAL
KM09,4734.0,3.54,92.28,0.223,74.6,8479,266.0,IMMINENT
KM19,2577.0,8.92,112.05,0.121,56.9,4605,2423.0,OPTIMAL
KM01,24088.5,5.29,98.89,0.187,64.8,7350,911.5,DUE SOON
KM24,4927.1,2.91,95.74,0.22,67.2,8865,72.9,IMMINENT
KM01,24760.7,3.12,102.52,0.205,68.8,8518,239.3,IMMINENT
KM23,2877.6,7.99,110.39,0.132,56.9,5154,2122.4,OPTIMAL
KM09,15460.8,14.21,121.37,0.098,40.9,863,4539.2,OPTIMAL
KM04,3603.1,6.22,105.64,0.166,59.2,6535,1396.9,DUE SOON
KM18,16674.0,11.34,110.75,0.084,56.8,3070,3326.0,OPTIMAL
KM20,24555.5,4.0,101.87,0.196,69.7,8118,444.5,IMMINENT
KM16,7644.3,9.02,105.3,0.13,57.2,4715,2355.7,OPTIMAL
KM10,10543.8,13.11,118.0,0.063,48.2,986,4456.2,OPTIMAL
KM16,13621.5,6.48,100.45,0.163,61.9,6611,1378.5,DUE SOON
KM10,26133.6,11.98,117.62,0.065,48.5,2023,3866.4,OPTIMAL
KM12,25759.3,12.76,121.61,0.045,42.9,1257,4240.7,OPTIMAL
KM06,2472.7,9.02,108.23,0.108,57.9,4462,2527.3,OPTIMAL
KM24,25497.7,13.51,109.94,0.063,41.8,875,4502.3,OPTIMAL
KM16,4688.0,3.95,90.14,0.196,71.3,8377,312.0,IMMINENT
KM16,5803.1,13.46,118.33,0.059,48.7,1407,4196.9,OPTIMAL
KM09,2565.9,8.38,107.64,0.164,55.8,4461,2434.1,OPTIMAL
KM20,11048.1,11.9,118.62,0.077,45.9,1797,3951.9,OPTIMAL
KM19,24118.1,4.59,101.99,0.178,68.2,7455,881.9,DUE SOON
KM09,13784.3,6.17,102.45,0.175,61.7,6780,1215.7,DUE SOON
KM15,10939.0,12.43,119.92,0.06,47.4,1705,4061.0,OPTIMAL
KM21,23889.1,5.56,101.1,0.196,60.9,7077,1110.9,DUE SOON
KM09,19696.9,4.29,100.86,0.207,66.2,8355,303.1,IMMINENT
KM21,11025.1,12.65,111.68,0.093,50.1,1962,3974.9,OPTIMAL
KM16,1791.5,10.09,112.57,0.099,50.8,3216,3208.5,OPTIMAL
KM08,3060.4,7.0,108.7,0.149,56.4,5598,1939.6,OPTIMAL
KM17,19822.3,3.41,98.28,0.222,68.7,8611,177.7,IMMINENT
KM23,23670.2,5.8,107.28,0.154,59.0,6599,1329.8,DUE SOON
KM14,16369.3,11.32,114.75,0.077,48.4,2388,3630.7,OPTIMAL
KM24,1567.4,11.74,112.82,0.076,49.6,2863,3432.6,OPTIMAL
KM23,1607.7,11.34,116.67,0.103,52.0,2960,3392.3,OPTIMAL
KM22,26034.0,12.93,122.03,0.09,47.2,1894,3966.0,OPTIMAL
KM15,6999.4,10.63,116.47,0.134,50.7,3519,3000.6,OPTIMAL
KM15,506.6,14.25,114.48,0.048,46.7,881,4493.4,OPTIMAL
KM07,17183.2,9.46,105.69,0.131,53.2,3890,2816.8,OPTIMAL
KM15,1601.9,10.51,111.88,0.099,52.1,2837,3398.1,OPTIMAL
KM10,7633.5,8.96,115.3,0.129,58.4,4748,2366.5,OPTIMAL
KM09,4641.8,2.82,96.1,0.217,67.8,8282,358.2,IMMINENT
KM08,23309.3,7.18,95.89,0.155,56.2,5951,1690.7,OPTIMAL
KM14,25239.3,14.03,126.88,0.052,42.2,447,4760.7,OPTIMAL
KM23,9790.0,4.06,93.63,0.213,70.8,8613,210.0,IMMINENT
KM20,12401.1,9.23,116.75,0.123,51.6,4369,2598.9,OPTIMAL
KM09,27851.3,7.51,105.28,0.134,57.8,5077,2148.7,OPTIMAL
KM18,18491.3,7.09,101.95,0.136,62.4,6387,1508.7,OPTIMAL
KM07,20409.7,14.11,117.24,0.042,45.5,703,4590.3,OPTIMAL
KM15,2310.3,9.05,111.09,0.15,57.5,4163,2689.7,OPTIMAL
KM01,2437.7,9.52,103.08,0.126,56.1,4487,2562.3,OPTIMAL
KM07,21509.0,11.56,115.9,0.105,49.5,2821,3491.0,OPTIMAL
KM20,1776.1,10.16,116.84,0.104,54.4,3185,3223.9,OPTIMAL
KM19,3358.9,7.13,106.35,0.153,53.7,6113,1641.1,OPTIMAL
KM20,8412.3,6.91,103.46,0.163,63.9,6244,1587.7,OPTIMAL
KM21,24143.1,5.51,92.56,0.185,64.9,7376,856.9,DUE SOON
KM12,10022.3,15.16,124.4,0.032,47.3,0,4977.7,OPTIMAL
KM04,11762.9,11.15,113.96,0.114,47.5,3239,3237.1,OPTIMAL
KM17,7506.1,8.67,110.65,0.132,56.3,4468,2493.9,OPTIMAL
KM15,26142.2,12.55,113.69,0.089,48.5,1999,3857.8,OPTIMAL
KM14,25664.8,13.44,109.17,0.087,44.8,1228,4335.2,OPTIMAL
KM02,5196.1,14.57,119.29,0.021,43.9,300,4803.9,OPTIMAL
KM11,3453.9,6.53,102.91,0.187,55.6,6224,1546.1,OPTIMAL
KM17,26554.3,10.82,111.58,0.096,49.2,2793,3445.7,OPTIMAL
KM09,24909.2,3.61,94.01,0.204,70.8,8917,90.8,IMMINENT
KM05,1794.2,10.36,114.46,0.111,53.0,3208,3205.8,OPTIMAL
KM25,25644.4,13.27,115.73,0.072,40.8,1138,4355.6,OPTIMAL
KM11,9458.9,3.61,96.28,0.219,69.9,7984,541.1,DUE SOON
KM05,5766.0,13.29,106.55,0.047,43.5,1383,4234.0,OPTIMAL
KM07,1317.7,11.7,114.25,0.079,53.2,2352,3682.3,OPTIMAL
KM01,17165.4,10.05,109.57,0.123,51.6,3898,2834.6,OPTIMAL
KM17,26011.0,13.16,115.25,0.086,48.4,1814,3989.0,OPTIMAL
KM06,3418.6,7.29,102.8,0.129,60.6,6108,1581.4,OPTIMAL
KM14,8054.4,7.53,108.59,0.14,54.3,5510,1945.6,OPTIMAL
KM23,648.5,13.82,117.81,0.075,44.6,1194,4351.5,OPTIMAL
KM15,2370.3,9.86,105.85,0.116,53.3,4296,2629.7,OPTIMAL
KM14,16344.4,12.31,114.2,0.108,49.6,2373,3655.6,OPTIMAL
KM11,7863.8,8.87,99.18,0.105,58.8,5161,2136.2,OPTIMAL
KM05,18258.4,7.56,105.83,0.172,62.8,5826,1741.6,OPTIMAL
KM12,15366.8,14.48,117.9,0.071,43.7,543,4633.2,OPTIMAL
KM13,14653.4,3.7,94.15,0.179,68.5,8290,346.6,IMMINENT
KM17,2664.2,8.87,96.94,0.146,54.9,4804,2335.8,OPTIMAL
KM13,14300.6,4.46,100.3,0.223,69.2,7769,699.4,DUE SOON
KM11,8372.1,7.03,110.58,0.147,56.5,6084,1627.9,OPTIMAL
KM11,22846.8,8.62,110.04,0.127,58.9,5147,2153.2,OPTIMAL
KM11,6462.4,12.81,114.12,0.075,46.5,2526,3537.6,OPTIMAL
KM12,14693.7,3.3,92.02,0.203,70.2,8438,306.3,IMMINENT
KM08,12706.0,8.57,108.6,0.121,57.6,4813,2294.0,OPTIMAL
KM15,3267.0,6.73,98.63,0.139,62.7,5811,1733.0,OPTIMAL
KM12,23681.1,6.24,106.15,0.173,62.9,6634,1318.9,DUE SOON
KM17,4190.6,5.49,103.96,0.198,69.9,7582,809.4,DUE SOON
KM11,5865.5,13.43,115.27,0.086,46.8,1659,4134.5,OPTIMAL
KM15,8494.9,6.47,106.84,0.182,62.0,6307,1505.1,OPTIMAL
KM07,9688.9,3.61,96.71,0.225,68.1,8313,311.1,IMMINENT
KM10,4354.5,4.64,98.31,0.191,66.9,7789,645.5,DUE SOON
KM02,12074.7,9.68,110.03,0.122,53.3,3739,2925.3,OPTIMAL
KM22,19568.0,4.25,94.07,0.212,64.3,8277,432.0,IMMINENT
KM08,11633.6,11.07,113.77,0.099,53.3,2906,3366.4,OPTIMAL
KM01,11912.4,10.01,103.98,0.113,50.5,3414,3087.6,OPTIMAL
KM12,21079.9,12.07,111.93,0.095,50.3,2007,3920.1,OPTIMAL
KM16,20536.9,13.22,110.99,0.078,50.6,900,4463.1,OPTIMAL
KM21,3780.0,5.62,101.1,0.153,64.4,6845,1220.0,DUE SOON
KM07,5883.0,12.73,117.1,0.082,46.0,1567,4117.0,OPTIMAL
KM09,5087.8,14.21,122.37,0.035,43.1,163,4912.2,OPTIMAL
KM24,18704.2,5.23,99.1,0.153,62.2,6829,1295.8,DUE SOON
KM24,1285.7,11.56,107.78,0.105,47.2,2236,3714.3,OPTIMAL
KM11,25796.5,13.13,114.5,0.051,46.8,1448,4203.5,OPTIMAL
KM11,25707.7,13.78,120.52,0.084,46.2,1222,4292.3,OPTIMAL
KM25,11030.8,12.29,112.78,0.061,53.1,1860,3969.2,OPTIMAL
KM08,823.9,12.97,111.89,0.077,48.8,1491,4176.1,OPTIMAL
KM18,23617.4,6.14,104.14,0.173,62.9,6432,1382.6,DUE SOON
KM16,25302.7,13.96,112.75,0.042,38.9,517,4697.3,OPTIMAL
KM17,25972.7,12.92,116.23,0.062,50.7,1698,4027.3,OPTIMAL
KM09,12612.0,8.14,107.94,0.14,62.9,4687,2388.0,OPTIMAL
KM02,24875.1,3.23,91.4,0.213,68.2,8809,124.9,IMMINENT
KM17,14650.7,4.14,94.28,0.192,66.3,8378,349.3,IMMINENT
KM21,24987.9,2.51,96.22,0.212,71.2,8994,12.1,IMMINENT
KM09,18162.6,7.64,104.63,0.148,59.7,5769,1837.4,OPTIMAL
KM09,18958.6,5.62,104.91,0.173,65.5,7125,1041.4,DUE SOON
KM10,21106.2,12.21,123.75,0.089,45.9,1989,3893.8,OPTIMAL
KM07,7987.9,7.67,100.61,0.156,62.9,5345,2012.1,OPTIMAL
KM03,16807.1,10.49,111.7,0.112,56.4,3214,3192.9,OPTIMAL
KM04,7777.9,8.56,107.29,0.141,56.3,5049,2222.1,OPTIMAL
KM19,15740.0,12.97,117.2,0.09,42.9,1299,4260.0,OPTIMAL
KM22,16501.3,11.71,114.22,0.087,50.8,2641,3498.7,OPTIMAL
KM22,16093.4,12.52,121.28,0.07,51.6,1959,3906.6,OPTIMAL
KM22,4381.0,4.39,95.22,0.189,67.1,7829,619.0,DUE SOON
KM24,27717.8,8.34,102.65,0.106,60.5,4880,2282.2,OPTIMAL
KM06,7298.2,9.82,112.04,0.13,51.8,4126,2701.8,OPTIMAL
KM25,27520.9,9.26,113.29,0.133,57.2,4587,2479.1,OPTIMAL
KM23,14356.9,4.94,101.55,0.179,63.3,7843,643.1,DUE SOON
KM13,26147.6,12.24,108.61,0.095,45.0,2110,3852.4,OPTIMAL
KM07,13953.4,5.28,99.35,0.183,63.2,7042,1046.6,DUE SOON
KM04,17098.5,9.86,105.57,0.124,55.8,3745,2901.5,OPTIMAL
KM05,27624.6,8.99,105.5,0.139,55.3,4702,2375.4,OPTIMAL
KM03,7078.6,9.75,116.81,0.095,46.6,3676,2921.4,OPTIMAL
KM05,16632.8,10.48,116.7,0.102,49.6,2941,3367.2,OPTIMAL
KM07,20508.4,13.54,122.0,0.056,44.4,937,4491.6,OPTIMAL
KM25,11290.5,12.3,112.55,0.118,50.1,2317,3709.5,OPTIMAL
KM09,16128.8,11.8,111.45,0.079,51.6,2024,3871.2,OPTIMAL
KM19,24326.8,4.49,95.01,0.206,65.0,7732,673.2,DUE SOON
KM10,11789.4,10.69,109.01,0.099,48.3,3272,3210.6,OPTIMAL
KM12,5827.2,13.52,110.38,0.071,49.1,1591,4172.8,OPTIMAL
KM20,6667.5,10.76,106.22,0.073,50.4,3013,3332.5,OPTIMAL
KM24,24915.0,3.39,90.21,0.204,65.4,8847,85.0,IMMINENT
KM23,2568.1,9.32,106.55,0.16,52.7,4533,2431.9,OPTIMAL
KM03,16368.1,12.01,109.66,0.082,52.9,2514,3631.9,OPTIMAL
KM06,20642.1,13.47,124.11,0.053,49.0,1183,4357.9,OPTIMAL
KM23,13502.7,6.91,103.66,0.173,61.5,6302,1497.3,DUE SOON
KM17,7668.3,8.65,104.24,0.144,58.3,4835,2331.7,OPTIMAL
KM13,27379.1,9.32,105.99,0.121,53.3,4286,2620.9,OPTIMAL
KM22,25284.6,14.56,117.03,0.034,44.5,462,4715.4,OPTIMAL
KM14,22218.4,10.17,114.11,0.135,56.1,4033,2781.6,OPTIMAL
KM04,9160.7,5.32,98.83,0.174,64.3,7493,839.3,DUE SOON
KM19,25115.3,15.21,119.65,0.046,43.1,253,4884.7,OPTIMAL
KM05,6302.7,11.47,109.33,0.097,52.9,2329,3697.3,OPTIMAL
KM03,8686.0,6.51,103.12,0.181,63.3,6691,1314.0,DUE SOON
KM02,8011.9,6.94,104.05,0.127,61.3,5477,1988.1,OPTIMAL
KM17,25870.7,13.69,119.56,0.059,49.0,1563,4129.3,OPTIMAL
KM25,19003.5,5.38,98.67,0.201,58.2,7234,996.5,DUE SOON
KM08,13513.4,6.9,111.25,0.166,64.1,6344,1486.6,DUE SOON
KM09,6827.3,10.43,115.65,0.101,52.6,3211,3172.7,OPTIMAL
KM06,2135.7,10.5,115.0,0.122,54.6,3864,2864.3,OPTIMAL
KM24,24015.5,5.15,100.48,0.184,62.2,7222,984.5,DUE SOON
KM15,7963.2,7.16,104.2,0.132,58.2,5359,2036.8,OPTIMAL
KM13,21779.5,10.63,106.69,0.097,48.5,3260,3220.5,OPTIMAL
KM07,17873.8,8.11,104.26,0.134,53.2,5086,2126.2,OPTIMAL
KM02,20174.5,13.82,118.32,0.039,44.1,227,4825.5,OPTIMAL
KM15,15154.1,14.14,116.76,0.053,43.6,350,4845.9,OPTIMAL
KM23,20566.2,14.65,116.48,0.077,46.1,1022,4433.8,OPTIMAL
KM11,9305.1,4.74,101.66,0.188,66.9,7786,694.9,DUE SOON
KM12,11193.4,12.38,108.97,0.09,52.9,2146,3806.6,OPTIMAL
KM21,19331.3,4.49,96.81,0.196,65.3,7855,668.7,DUE SOON
KM09,7160.0,10.15,109.67,0.098,56.3,3816,2840.0,OPTIMAL
KM11,27586.1,8.81,106.61,0.129,55.2,4789,2413.9,OPTIMAL
KM06,27199.9,9.4,114.93,0.104,53.9,3927,2800.1,OPTIMAL
KM09,19501.2,3.81,96.49,0.176,63.4,8104,498.8,IMMINENT
KM05,1110.6,12.54,116.41,0.077,45.4,1957,3889.4,OPTIMAL
KM19,18985.5,5.4,99.81,0.188,62.8,7228,1014.5,DUE SOON
KM06,11563.1,11.25,111.32,0.081,44.9,2795,3436.9,OPTIMAL
KM07,1036.3,12.56,115.2,0.06,49.2,1902,3963.7,OPTIMAL
KM25,8424.2,7.26,106.02,0.15,59.3,6140,1575.8,OPTIMAL
KM07,6129.6,12.78,109.53,0.07,49.2,1999,3870.4,OPTIMAL
KM08,19125.9,5.59,101.84,0.163,66.7,7419,874.1,DUE SOON
KM13,11671.9,11.13,117.59,0.099,53.0,3019,3328.1,OPTIMAL
KM07,21420.9,11.49,113.05,0.086,50.3,2438,3579.1,OPTIMAL
KM16,19437.7,4.55,95.13,0.185,65.7,8006,562.3,DUE SOON
KM15,16706.6,10.88,105.73,0.103,55.1,3060,3293.4,OPTIMAL
KM21,19825.3,3.2,100.76,0.221,67.1,8598,174.7,IMMINENT
KM05,10397.6,14.41,116.9,0.056,47.5,691,4602.4,OPTIMAL
KM18,6116.6,12.47,111.15,0.08,44.6,2056,3883.4,OPTIMAL
KM12,9296.7,4.71,105.1,0.217,69.4,7729,703.3,DUE SOON
KM20,9918.1,2.96,105.57,0.218,73.8,8759,81.9,IMMINENT
KM01,5430.6,14.53,121.22,0.065,43.5,788,4569.4,OPTIMAL
KM10,2549.0,8.68,107.3,0.125,56.8,4617,2451.0,OPTIMAL
KM12,23330.3,7.27,103.58,0.162,65.5,5850,1669.7,OPTIMAL
KM22,6408.5,11.83,108.86,0.095,43.2,2447,3591.5,OPTIMAL
KM13,24157.0,5.09,96.41,0.187,66.7,7380,843.0,DUE SOON
KM05,2287.5,9.57,109.05,0.147,54.2,4178,2712.5,OPTIMAL
KM13,16073.1,12.23,108.4,0.068,46.8,1882,3926.9,OPTIMAL
KM21,22089.5,9.9,114.71,0.113,50.4,3868,2910.5,OPTIMAL
KM14,26963.3,10.48,110.03,0.13,54.6,3559,3036.7,OPTIMAL
KM19,8253.1,7.45,103.91,0.163,59.2,5837,1746.9,OPTIMAL
KM06,17719.8,8.67,110.32,0.158,55.5,4891,2280.2,OPTIMAL
KM20,19454.2,3.99,106.89,0.173,66.2,8017,545.8,DUE SOON
KM07,12144.6,10.57,104.12,0.118,56.3,3881,2855.4,OPTIMAL
KM22,27327.0,9.03,101.56,0.127,53.1,4234,2673.0,OPTIMAL
KM04,16717.5,10.6,115.92,0.099,51.6,3121,3282.5,OPTIMAL
KM10,23874.7,5.87,104.59,0.183,64.3,6939,1125.3,DUE SOON
KM12,10948.9,12.77,116.72,0.074,45.7,1605,4051.1,OPTIMAL
KM20,24912.4,3.58,93.44,0.207,73.0,8955,87.6,IMMINENT
KM15,12024.9,10.33,107.05,0.126,53.3,3557,2975.1,OPTIMAL
KM14,5775.5,12.65,112.55,0.06,46.9,1312,4224.5,OPTIMAL
KM12,19450.5,4.2,102.17,0.203,67.6,7993,549.5,DUE SOON
KM07,25153.0,14.09,122.45,0.033,44.4,254,4847.0,OPTIMAL
KM23,19354.1,4.36,99.04,0.221,67.5,7844,645.9,DUE SOON
KM21,12511.4,9.72,108.18,0.124,51.7,4525,2488.6,OPTIMAL
KM22,18377.5,6.93,104.59,0.163,63.3,6118,1622.5,OPTIMAL
KM07,21511.0,11.54,115.25,0.082,45.9,2727,3489.0,OPTIMAL
KM22,25992.2,12.19,120.04,0.092,46.7,1798,4007.8,OPTIMAL
KM22,27125.7,9.44,108.76,0.109,47.4,3786,2874.3,OPTIMAL
KM13,12938.9,8.47,100.67,0.142,61.5,5170,2061.1,OPTIMAL
KM16,19685.3,4.7,99.17,0.214,68.5,8422,314.7,IMMINENT
KM11,22152.1,10.16,101.39,0.124,56.7,3869,2847.9,OPTIMAL
KM24,22966.3,8.56,109.1,0.154,59.9,5310,2033.7,OPTIMAL
KM15,11654.5,11.1,109.85,0.102,54.8,3002,3345.5,OPTIMAL
KM09,5189.6,14.43,122.01,0.046,45.7,382,4810.4,OPTIMAL
KM05,9151.0,5.0,94.16,0.186,63.7,7427,849.0,DUE SOON
KM18,2421.2,9.57,109.97,0.12,55.1,4402,2578.8,OPTIMAL
KM09,3412.7,7.12,104.42,0.156,61.6,6213,1587.3,OPTIMAL
KM03,23802.3,5.88,100.94,0.18,64.3,6929,1197.7,DUE SOON
KM09,10587.2,12.6,123.67,0.061,45.5,1060,4412.8,OPTIMAL
KM25,11720.6,11.31,114.69,0.115,52.4,3138,3279.4,OPTIMAL
KM01,16220.0,12.14,113.03,0.096,54.4,2204,3780.0,OPTIMAL
KM01,23724.3,5.97,101.54,0.19,63.9,6675,1275.7,DUE SOON
KM07,12338.6,8.94,101.93,0.121,55.4,4257,2661.4,OPTIMAL
KM13,8452.8,6.5,104.95,0.198,59.1,6273,1547.2,OPTIMAL
KM13,11998.6,10.05,118.43,0.139,48.3,3595,3001.4,OPTIMAL
KM16,3006.3,8.15,107.75,0.143,55.6,5433,1993.7,OPTIMAL
KM02,12621.1,9.28,110.72,0.134,58.0,4711,2378.9,OPTIMAL
KM02,12427.4,9.36,107.51,0.172,55.3,4457,2572.6,OPTIMAL
KM15,18478.5,6.45,102.88,0.142,60.2,6263,1521.5,OPTIMAL
KM23,9451.3,4.14,94.74,0.183,67.2,8031,548.7,DUE SOON
KM22,19380.8,4.96,105.33,0.182,68.7,7805,619.2,DUE SOON
KM01,12270.5,10.05,111.99,0.122,53.9,4109,2729.5,OPTIMAL
KM12,25621.6,13.47,112.41,0.027,48.6,1045,4378.4,OPTIMAL
KM06,7024.5,10.13,102.97,0.113,57.6,3651,2975.5,OPTIMAL
KM02,14417.3,4.52,101.12,0.207,68.4,7974,582.7,DUE SOON
KM07,14949.4,2.84,96.66,0.188,69.6,8869,50.6,IMMINENT
KM01,26421.6,11.3,114.53,0.108,47.2,2591,3578.4,OPTIMAL
KM11,5342.5,14.52,121.67,0.02,41.7,614,4657.5,OPTIMAL
KM25,3821.4,5.74,94.14,0.169,62.2,6839,1178.6,DUE SOON
KM15,1983.1,9.84,124.2,0.093,54.2,3534,3016.9,OPTIMAL
KM22,24002.0,5.61,97.11,0.167,64.3,7129,998.0,DUE SOON
KM15,3623.0,6.55,104.94,0.178,58.6,6534,1377.0,DUE SOON
KM15,7504.8,9.66,109.04,0.105,57.5,4502,2495.2,OPTIMAL
KM21,9827.0,3.55,93.55,0.204,72.1,8659,173.0,IMMINENT
KM21,18618.5,5.92,97.55,0.209,66.6,6511,1381.5,DUE SOON
KM21,3623.7,6.2,101.53,0.205,62.7,6453,1376.3,DUE SOON
KM24,4266.6,5.21,94.35,0.194,69.9,7672,733.4,DUE SOON
KM08,9822.3,3.36,91.29,0.201,71.4,8686,177.7,IMMINENT
KM02,3880.1,6.29,98.88,0.16,62.7,7032,1119.9,DUE SOON
KM01,8593.1,6.31,100.99,0.163,57.3,6499,1406.9,DUE SOON
KM06,3997.5,5.93,104.05,0.164,61.8,7115,1002.5,DUE SOON
KM01,16544.1,11.22,110.25,0.077,53.4,2825,3455.9,OPTIMAL
KM21,1851.9,10.81,115.21,0.11,53.6,3316,3148.1,OPTIMAL
KM04,20642.5,13.38,118.94,0.054,45.4,1153,4357.5,OPTIMAL
KM23,4464.6,3.95,97.22,0.213,64.8,8048,535.4,DUE SOON
KM07,7066.1,9.86,111.86,0.123,55.6,3696,2933.9,OPTIMAL
KM23,18028.3,7.53,101.11,0.16,56.0,5461,1971.7,OPTIMAL
KM15,9657.7,4.32,94.49,0.187,73.3,8382,342.3,IMMINENT
KM16,10295.8,14.31,110.79,0.03,42.7,471,4704.2,OPTIMAL
KM24,14080.8,4.89,92.49,0.198,64.3,7380,919.2,DUE SOON
KM19,15115.9,14.41,120.96,0.056,39.3,192,4884.1,OPTIMAL
KM24,24492.7,3.32,86.63,0.199,70.3,8135,507.3,DUE SOON
KM05,18457.3,5.68,109.93,0.165,60.3,6272,1542.7,OPTIMAL
KM11,11327.3,12.06,111.33,0.103,53.4,2354,3672.7,OPTIMAL
KM08,11204.8,12.01,112.42,0.054,51.3,2153,3795.2,OPTIMAL
KM22,22778.4,8.67,103.3,0.114,58.7,4943,2221.6,OPTIMAL
KM02,16032.5,12.67,109.75,0.06,50.2,1878,3967.5,OPTIMAL
KM18,9874.3,3.55,97.9,0.236,72.4,8780,125.7,IMMINENT
KM16,16211.8,11.53,107.73,0.094,48.5,2141,3788.2,OPTIMAL
KM09,19580.7,3.46,101.33,0.184,65.8,8283,419.3,IMMINENT
KM10,15719.3,12.98,118.64,0.064,46.9,1356,4280.7,OPTIMAL
KM01,18163.8,7.16,111.68,0.142,60.3,5745,1836.2,OPTIMAL
KM05,1633.8,11.88,115.15,0.082,51.6,2997,3366.2,OPTIMAL
KM16,8781.9,5.95,111.98,0.151,64.7,6772,1218.1,DUE SOON
KM01,25647.6,13.54,117.35,0.06,49.1,1248,4352.4,OPTIMAL
KM03,18620.9,6.06,100.34,0.141,61.9,6399,1379.1,DUE SOON
KM04,22719.1,8.33,102.79,0.133,58.1,4816,2280.9,OPTIMAL
KM20,14815.7,2.91,88.42,0.227,72.5,8576,184.3,IMMINENT
KM16,13043.5,8.38,104.45,0.144,60.5,5482,1956.5,OPTIMAL
KM02,26007.9,12.85,113.62,0.062,44.2,1820,3992.1,OPTIMAL
KM14,6032.3,12.42,112.73,0.097,39.7,1877,3967.7,OPTIMAL
KM02,8093.3,7.65,106.98,0.145,61.0,5518,1906.7,OPTIMAL
KM19,10675.0,13.37,119.94,0.075,47.7,1261,4325.0,OPTIMAL
KM25,19901.0,2.92,98.13,0.211,73.4,8859,99.0,IMMINENT
KM22,27447.6,8.56,109.95,0.108,53.9,4399,2552.4,OPTIMAL
KM22,17038.8,9.76,109.39,0.115,56.8,3676,2961.2,OPTIMAL
KM03,3930.2,4.95,98.25,0.165,63.3,6933,1069.8,DUE SOON
KM23,19869.7,3.56,98.52,0.217,68.2,8663,130.3,IMMINENT
KM08,15641.9,12.94,114.41,0.041,48.1,1145,4358.1,OPTIMAL
KM01,25057.5,14.61,126.19,0.048,42.7,115,4942.5,OPTIMAL
KM23,19179.3,5.62,101.23,0.168,65.1,7594,820.7,DUE SOON
KM16,13735.0,6.59,108.13,0.201,63.1,6634,1265.0,DUE SOON
KM09,2231.7,10.08,110.71,0.129,55.7,3960,2768.3,OPTIMAL
KM20,14142.1,5.08,99.09,0.192,66.9,7403,857.9,DUE SOON
KM09,3476.2,5.98,101.84,0.173,61.4,6181,1523.8,OPTIMAL
KM10,23983.6,5.66,96.98,0.168,62.0,7161,1016.4,DUE SOON
KM03,15516.4,13.9,120.12,0.061,43.7,908,4483.6,OPTIMAL
KM17,18978.5,5.36,100.03,0.172,61.7,7287,1021.5,DUE SOON
KM10,22769.2,8.91,109.03,0.167,57.3,5016,2230.8,OPTIMAL
KM14,24568.3,5.05,98.46,0.212,65.5,8213,431.7,IMMINENT
KM22,25495.2,13.55,116.22,0.057,45.9,791,4504.8,OPTIMAL
KM19,7291.5,9.28,113.4,0.087,56.6,4167,2708.5,OPTIMAL
KM11,26002.6,12.82,118.61,0.073,51.2,1769,3997.4,OPTIMAL
KM10,3209.8,7.61,106.84,0.161,57.4,5735,1790.2,OPTIMAL
KM12,9705.2,3.85,100.83,0.225,68.2,8563,294.8,IMMINENT
KM18,12819.3,8.47,102.67,0.16,58.1,5153,2180.7,OPTIMAL
KM15,8864.3,6.01,97.82,0.196,62.0,6929,1135.7,DUE SOON
KM25,7720.7,8.14,103.41,0.11,55.4,4924,2279.3,OPTIMAL
KM19,8652.1,6.5,98.84,0.165,59.9,6517,1347.9,DUE SOON
KM05,21356.2,12.28,116.7,0.108,49.7,2462,3643.8,OPTIMAL
KM04,23058.1,7.26,99.21,0.143,66.5,5540,1941.9,OPTIMAL
KM18,16275.5,11.16,111.09,0.085,49.2,2252,3724.5,OPTIMAL
KM01,7790.9,8.27,110.89,0.14,61.8,5025,2209.1,OPTIMAL
KM02,20623.8,13.68,112.81,0.05,42.3,1077,4376.2,OPTIMAL
KM20,17059.6,9.49,115.68,0.114,53.2,3730,2940.4,OPTIMAL
KM20,6265.7,11.85,117.25,0.066,48.4,2247,3734.3,OPTIMAL
KM08,9868.3,3.76,98.76,0.212,66.4,8767,131.7,IMMINENT
KM05,6309.7,11.77,113.68,0.081,44.6,2381,3690.3,OPTIMAL
KM25,13483.2,5.85,96.99,0.156,63.9,6282,1516.8,OPTIMAL
KM25,18407.9,6.48,101.59,0.171,62.2,6144,1592.1,OPTIMAL
KM17,5687.1,13.43,117.04,0.05,45.5,1240,4312.9,OPTIMAL
KM19,22573.7,9.06,110.04,0.117,61.6,4680,2426.3,OPTIMAL
KM08,24524.9,4.0,96.94,0.2,65.4,8228,475.1,IMMINENT
KM18,2059.8,10.26,110.21,0.117,54.0,3646,2940.2,OPTIMAL
KM21,26600.6,10.65,108.91,0.119,48.7,2729,3399.4,OPTIMAL
KM16,11382.8,11.53,111.67,0.086,49.4,2449,3617.2,OPTIMAL
KM22,18951.8,5.44,98.44,0.187,62.2,7110,1048.2,DUE SOON
KM03,21678.6,10.89,110.78,0.078,54.9,2987,3321.4,OPTIMAL
KM05,23129.4,7.45,106.73,0.139,57.0,5580,1870.6,OPTIMAL
KM13,16342.2,12.13,115.32,0.086,46.6,2491,3657.8,OPTIMAL
KM16,10947.3,13.05,112.84,0.074,44.4,1647,4052.7,OPTIMAL
KM04,24908.0,3.42,88.6,0.208,69.0,8883,92.0,IMMINENT
KM17,27729.8,8.24,107.24,0.13,52.3,4817,2270.2,OPTIMAL
KM04,7613.7,8.33,110.8,0.146,55.3,4761,2386.3,OPTIMAL
KM16,24809.9,3.83,94.51,0.222,71.0,8582,190.1,IMMINENT
KM13,21207.0,11.2,114.18,0.099,46.2,2190,3793.0,OPTIMAL
KM05,16557.0,11.41,121.33,0.086,50.8,2821,3443.0,OPTIMAL
KM14,13251.1,7.12,100.64,0.145,59.0,5939,1748.9,OPTIMAL
KM18,19700.9,2.76,91.79,0.216,72.8,8449,299.1,IMMINENT
KM17,6479.8,11.47,105.87,0.08,46.8,2683,3520.2,OPTIMAL
KM02,27694.1,8.55,105.79,0.146,56.4,4906,2305.9,OPTIMAL
KM19,17113.2,9.53,116.01,0.106,51.5,3777,2886.8,OPTIMAL
KM05,4504.8,4.01,97.34,0.194,70.7,8174,495.2,IMMINENT
KM01,3440.3,5.97,102.98,0.182,62.0,6202,1559.7,OPTIMAL
KM21,18683.9,6.35,106.31,0.169,57.7,6625,1316.1,DUE SOON
KM01,3315.8,7.66,98.91,0.174,62.8,5986,1684.2,OPTIMAL
KM09,890.6,13.55,114.51,0.055,47.0,1564,4109.4,OPTIMAL
KM04,10279.6,14.31,124.48,0.056,42.1,428,4720.4,OPTIMAL
KM14,25655.7,13.69,122.64,0.065,45.5,1102,4344.3,OPTIMAL
KM09,21783.2,10.73,116.54,0.114,49.9,3157,3216.8,OPTIMAL
KM23,3370.2,6.58,104.73,0.164,58.8,6096,1629.8,OPTIMAL
KM21,8165.8,7.07,103.94,0.171,54.6,5682,1834.2,OPTIMAL
KM17,1808.5,10.12,106.62,0.1,50.5,3271,3191.5,OPTIMAL
KM11,25618.9,13.17,114.34,0.065,47.3,1142,4381.1,OPTIMAL
KM24,14278.8,4.49,95.38,0.188,69.7,7647,721.2,DUE SOON
KM24,23407.0,6.39,115.34,0.162,62.6,6156,1593.0,OPTIMAL
KM15,26486.1,11.34,114.7,0.076,50.9,2739,3513.9,OPTIMAL
KM10,24435.9,3.88,91.1,0.224,62.4,8052,564.1,DUE SOON
KM06,19697.0,4.47,92.12,0.204,71.9,8363,303.0,IMMINENT
KM15,14614.1,4.2,107.03,0.224,65.5,8187,385.9,IMMINENT
KM15,11035.3,12.92,106.61,0.06,47.2,1920,3964.7,OPTIMAL
KM03,25256.5,14.79,118.96,0.03,42.3,463,4743.5,OPTIMAL
KM24,22501.5,9.57,103.37,0.123,56.0,4500,2498.5,OPTIMAL
KM10,14249.4,4.95,96.86,0.178,70.4,7645,750.6,DUE SOON
KM06,6414.8,12.07,109.84,0.083,52.3,2584,3585.2,OPTIMAL
KM10,20137.4,14.93,120.99,0.037,41.4,237,4862.6,OPTIMAL
KM05,21022.0,11.89,121.32,0.09,44.9,1883,3978.0,OPTIMAL
KM10,10101.9,14.29,125.02,0.024,45.7,202,4898.1,OPTIMAL
KM06,7911.0,7.44,106.78,0.125,57.7,5256,2089.0,OPTIMAL
KM23,1729.4,11.18,114.94,0.122,51.4,3072,3270.6,OPTIMAL
KM24,22330.5,9.64,117.15,0.093,51.2,4261,2669.5,OPTIMAL
KM12,1634.4,11.33,111.45,0.103,49.4,2928,3365.6,OPTIMAL
KM01,1050.3,12.44,115.22,0.053,54.7,1916,3949.7,OPTIMAL
KM01,26186.0,12.49,112.48,0.094,46.8,2133,3814.0,OPTIMAL
KM25,15896.8,12.66,118.24,0.085,44.5,1618,4103.2,OPTIMAL
KM14,1381.7,11.78,111.17,0.095,50.9,2487,3618.3,OPTIMAL
KM10,10207.6,14.67,124.22,0.058,40.6,404,4792.4,OPTIMAL
KM19,27449.6,9.04,111.68,0.103,52.6,4445,2550.4,OPTIMAL
KM22,3768.4,5.34,104.44,0.162,64.0,6798,1231.6,DUE SOON
KM14,8586.1,6.65,103.46,0.186,61.3,6515,1413.9,DUE SOON
KM18,1695.0,11.63,111.77,0.115,53.3,3076,3305.0,OPTIMAL
KM15,13738.0,5.98,98.14,0.161,61.8,6732,1262.0,DUE SOON
KM09,18801.5,5.4,95.51,0.195,61.5,6874,1198.5,DUE SOON
KM25,7742.5,8.24,100.99,0.16,55.3,4831,2257.5,OPTIMAL
KM02,15973.4,12.07,111.68,0.096,45.4,1723,4026.6,OPTIMAL
KM16,8638.0,6.45,102.75,0.18,64.5,6523,1362.0,DUE SOON
KM09,6556.7,11.15,113.86,0.105,48.8,2676,3443.3,OPTIMAL
KM12,15855.6,13.02,118.7,0.08,46.1,1550,4144.4,OPTIMAL
KM25,4620.5,4.24,99.88,0.203,68.9,8223,379.5,IMMINENT
KM17,17135.9,9.62,118.57,0.115,51.8,3833,2864.1,OPTIMAL
KM23,26698.3,11.05,116.67,0.093,49.7,3067,3301.7,OPTIMAL
KM16,21103.5,12.75,111.06,0.062,46.0,1843,3896.5,OPTIMAL
KM15,26022.9,12.33,106.28,0.083,47.1,1910,3977.1,OPTIMAL
KM11,20899.7,12.54,120.2,0.08,43.4,1589,4100.3,OPTIMAL
KM02,505.1,12.7,122.83,0.047,41.8,927,4494.9,OPTIMAL
KM14,4236.9,5.36,97.86,0.212,65.6,7633,763.1,DUE SOON
KM04,16436.1,11.36,109.98,0.12,50.4,2610,3563.9,OPTIMAL
KM03,9432.0,4.45,103.13,0.195,61.8,7968,568.0,DUE SOON
KM17,4553.9,4.01,95.07,0.23,69.6,8141,446.1,IMMINENT
KM04,5447.1,13.85,118.97,0.053,45.6,796,4552.9,OPTIMAL
KM04,21385.9,11.45,114.41,0.098,49.2,2521,3614.1,OPTIMAL
KM11,17676.4,7.99,98.46,0.144,56.8,4889,2323.6,OPTIMAL
KM07,25505.9,13.54,118.67,0.07,45.6,947,4494.1,OPTIMAL
KM19,25075.3,14.61,112.64,0.037,41.2,212,4924.7,OPTIMAL
KM14,6883.7,10.34,114.22,0.106,54.3,3265,3116.3,OPTIMAL
KM02,9878.0,3.1,93.76,0.217,71.4,8750,122.0,IMMINENT
KM18,6823.9,10.48,112.53,0.092,55.0,3323,3176.1,OPTIMAL
KM02,25246.1,14.75,117.29,0.083,44.4,364,4753.9,OPTIMAL
KM02,16681.9,10.76,119.48,0.111,50.1,3027,3318.1,OPTIMAL
KM14,965.0,12.93,115.83,0.079,45.5,1683,4035.0,OPTIMAL
KM12,23792.8,6.43,99.42,0.194,67.2,6859,1207.2,DUE SOON
KM17,7891.5,7.12,108.37,0.105,57.4,5200,2108.5,OPTIMAL
KM15,7683.0,9.15,98.53,0.139,55.7,4792,2317.0,OPTIMAL
KM19,8333.5,6.97,102.34,0.172,57.7,6016,1666.5,OPTIMAL
KM21,21242.8,11.94,115.09,0.093,52.0,2235,3757.2,OPTIMAL
KM06,18264.0,7.71,102.49,0.155,57.9,5873,1736.0,OPTIMAL
KM25,3778.8,6.36,104.58,0.205,62.0,6804,1221.2,DUE SOON
KM22,25663.4,13.54,120.44,0.063,48.7,1189,4336.6,OPTIMAL
KM16,1960.8,10.82,108.69,0.131,51.1,3492,3039.2,OPTIMAL
KM17,4105.8,4.61,98.69,0.183,68.0,7364,894.2,DUE SOON
KM17,12007.3,10.17,109.86,0.08,56.4,3472,2992.7,OPTIMAL
KM19,6756.0,11.82,107.89,0.105,54.6,3145,3244.0,OPTIMAL
KM06,20508.8,13.01,116.15,0.088,41.0,845,4491.2,OPTIMAL
KM08,9659.9,3.83,95.74,0.238,68.7,8383,340.1,IMMINENT
KM20,20229.4,14.79,115.98,0.058,43.6,333,4770.6,OPTIMAL
KM03,6324.5,11.91,117.9,0.108,51.5,2424,3675.5,OPTIMAL
KM17,9608.4,5.31,97.69,0.191,68.1,8302,391.6,IMMINENT
KM06,14313.3,4.44,95.07,0.18,63.7,7788,686.7,DUE SOON
KM08,1007.6,12.72,122.2,0.082,46.1,1841,3992.4,OPTIMAL
KM12,10939.8,12.21,108.26,0.064,52.4,1643,4060.2,OPTIMAL
KM25,8050.7,8.41,98.91,0.153,54.1,5477,1949.3,OPTIMAL
KM06,14523.1,3.99,95.16,0.2,68.5,8153,476.9,IMMINENT
KM23,16666.9,10.77,115.99,0.1,52.0,2971,3333.1,OPTIMAL
KM07,14648.2,3.69,97.54,0.224,66.8,8432,351.8,IMMINENT
KM05,14161.2,4.8,99.57,0.182,65.6,7463,838.8,DUE SOON
KM22,12336.6,10.09,103.24,0.111,54.7,4155,2663.4,OPTIMAL
KM11,18583.1,6.26,102.87,0.184,64.8,6425,1416.9,DUE SOON
KM23,24537.9,4.28,96.78,0.2,67.8,8191,462.1,IMMINENT
KM12,619.5,13.41,112.76,0.09,46.8,1102,4380.5,OPTIMAL
KM16,1972.5,10.15,117.47,0.088,52.7,3505,3027.5,OPTIMAL
KM22,22514.2,8.72,105.48,0.107,57.2,4434,2485.8,OPTIMAL
KM18,20081.7,15.13,120.23,0.03,43.7,112,4918.3,OPTIMAL
KM06,21964.3,9.97,107.28,0.087,56.2,3527,3035.7,OPTIMAL
KM17,12451.7,8.8,107.65,0.102,63.2,4500,2548.3,OPTIMAL
KM14,23080.5,7.32,101.58,0.149,57.9,5608,1919.5,OPTIMAL
KM06,4809.5,3.21,101.91,0.19,66.3,8556,190.5,IMMINENT
KM04,17042.6,10.37,103.29,0.133,53.5,3722,2957.4,OPTIMAL
KM15,4108.4,4.44,104.28,0.194,67.3,7298,891.6,DUE SOON
KM15,5839.2,13.31,116.23,0.085,48.3,1614,4160.8,OPTIMAL
KM20,23806.3,6.26,94.3,0.205,60.4,6776,1193.7,DUE SOON
KM17,27256.9,8.94,106.82,0.111,59.0,4133,2743.1,OPTIMAL
KM15,24287.3,4.47,98.9,0.191,65.0,7729,712.7,DUE SOON
KM23,12002.3,10.74,104.7,0.116,58.6,3548,2997.7,OPTIMAL
KM21,21976.0,10.45,113.78,0.107,53.7,3568,3024.0,OPTIMAL
KM11,27724.5,8.73,111.36,0.151,54.3,4804,2275.5,OPTIMAL
KM04,9971.8,2.65,98.29,0.233,67.4,9029,28.2,IMMINENT
KM09,1827.5,11.0,113.4,0.1,49.2,3239,3172.5,OPTIMAL
KM14,7424.2,9.24,107.72,0.138,64.1,4386,2575.8,OPTIMAL
KM07,14805.8,3.46,97.3,0.215,68.7,8619,194.2,IMMINENT
KM15,23615.2,6.74,104.52,0.183,62.0,6506,1384.8,DUE SOON
KM16,10274.5,15.16,121.97,0.034,41.7,533,4725.5,OPTIMAL
KM17,23840.7,6.37,105.03,0.17,62.5,6857,1159.3,DUE SOON
KM02,16728.2,10.7,107.9,0.119,50.9,3179,3271.8,OPTIMAL
KM09,24747.1,3.84,97.02,0.222,67.1,8570,252.9,IMMINENT
KM15,18291.0,7.45,113.08,0.157,64.6,5939,1709.0,OPTIMAL
KM08,16975.8,10.21,109.59,0.109,55.8,3591,3024.2,OPTIMAL
KM06,21080.9,12.24,115.11,0.07,43.5,1906,3919.1,OPTIMAL
KM19,26888.2,9.98,111.97,0.1,50.3,3455,3111.8,OPTIMAL
KM21,24299.3,5.2,95.2,0.187,61.1,7672,700.7,DUE SOON
KM23,16543.1,11.27,118.94,0.093,50.0,2780,3456.9,OPTIMAL
KM09,15458.3,13.95,111.39,0.043,42.6,763,4541.7,OPTIMAL
KM06,5779.8,13.42,112.54,0.098,44.7,1381,4220.2,OPTIMAL
KM01,10918.3,12.5,114.38,0.103,45.9,1607,4081.7,OPTIMAL
KM03,22573.6,8.67,105.17,0.114,60.8,4663,2426.4,OPTIMAL
KM22,15562.8,13.82,114.03,0.063,41.7,1007,4437.2,OPTIMAL
KM18,26593.3,11.68,107.34,0.095,52.8,2921,3406.7,OPTIMAL
KM15,21176.6,12.67,112.57,0.069,49.2,1995,3823.4,OPTIMAL
KM24,6335.0,11.89,113.32,0.091,47.1,2399,3665.0,OPTIMAL
KM17,23549.4,6.61,96.42,0.17,68.5,6448,1450.6,DUE SOON
KM15,6546.8,11.85,106.78,0.095,52.0,2824,3453.2,OPTIMAL
KM15,5117.3,14.39,117.45,0.02,43.1,127,4882.7,OPTIMAL
KM22,2539.4,8.81,111.96,0.141,55.8,4638,2460.6,OPTIMAL
KM14,13438.9,7.69,111.28,0.144,63.3,6139,1561.1,OPTIMAL
KM23,13198.9,6.97,100.29,0.149,63.9,5786,1801.1,OPTIMAL
KM08,8345.1,6.28,105.73,0.16,62.8,5975,1654.9,OPTIMAL
KM17,3360.3,7.47,101.0,0.154,62.9,6032,1639.7,OPTIMAL
KM16,24775.4,3.72,103.17,0.209,65.9,8572,224.6,IMMINENT
KM18,1869.7,10.58,110.27,0.123,51.4,3424,3130.3,OPTIMAL
KM16,3695.0,6.49,94.5,0.18,60.5,6619,1305.0,DUE SOON
KM15,10558.7,13.72,118.68,0.07,44.0,1031,4441.3,OPTIMAL
KM01,5368.6,14.41,112.57,0.074,45.2,693,4631.4,OPTIMAL
KM11,22459.9,9.12,112.34,0.121,56.7,4303,2540.1,OPTIMAL
KM20,1723.1,10.94,110.44,0.104,50.7,3120,3276.9,OPTIMAL
KM21,922.6,12.02,110.09,0.103,49.1,1681,4077.4,OPTIMAL
KM21,8291.1,7.5,101.09,0.158,58.3,5880,1708.9,OPTIMAL
KM17,16657.9,11.13,102.93,0.089,57.4,2954,3342.1,OPTIMAL
KM12,24940.5,2.43,98.84,0.2,68.5,8913,59.5,IMMINENT
KM12,6067.9,12.44,117.0,0.082,49.2,1900,3932.1,OPTIMAL
KM14,6887.3,10.38,99.34,0.114,56.2,3353,3112.7,OPTIMAL
KM01,5267.8,14.76,111.72,0.068,41.7,468,4732.2,OPTIMAL
KM06,14956.4,3.4,95.72,0.227,68.5,8930,43.6,IMMINENT
KM19,10741.0,13.03,121.83,0.086,47.9,1365,4259.0,OPTIMAL
KM03,4787.3,2.83,99.92,0.227,66.7,8636,212.7,IMMINENT
KM19,26752.5,10.64,108.3,0.096,51.8,3076,3247.5,OPTIMAL
KM21,2146.6,9.79,109.5,0.125,49.1,3929,2853.4,OPTIMAL
KM15,13569.3,6.47,106.81,0.162,63.8,6471,1430.7,DUE SOON
KM02,27425.3,9.1,107.64,0.155,51.2,4344,2574.7,OPTIMAL
KM05,19990.0,2.92,93.89,0.228,70.3,8944,10.0,IMMINENT
KM17,12392.3,9.38,106.04,0.134,56.8,4248,2607.7,OPTIMAL
KM24,10637.1,13.4,114.34,0.039,47.1,1133,4362.9,OPTIMAL
KM19,23422.3,6.56,104.78,0.162,60.9,6119,1577.7,OPTIMAL
KM03,11150.5,12.1,124.27,0.077,48.8,2113,3849.5,OPTIMAL
KM13,3027.1,7.96,103.12,0.165,56.3,5466,1972.9,OPTIMAL
KM17,14102.0,4.92,103.76,0.209,65.4,7287,898.0,DUE SOON
KM09,13529.7,6.55,106.94,0.163,58.9,6382,1470.3,DUE SOON
KM18,17549.1,9.16,107.48,0.135,54.6,4612,2450.9,OPTIMAL
KM18,777.0,13.15,105.81,0.059,44.9,1432,4223.0,OPTIMAL
KM04,24249.6,5.29,96.58,0.188,69.5,7651,750.4,DUE SOON
KM14,9403.6,4.51,100.85,0.195,67.5,7843,596.4,DUE SOON
KM20,2723.3,7.82,103.3,0.155,57.7,4914,2276.7,OPTIMAL
KM20,25168.8,15.38,118.4,0.056,43.6,279,4831.2,OPTIMAL
KM22,11244.7,11.53,117.13,0.095,48.8,2225,3755.3,OPTIMAL
KM04,19546.9,3.41,101.15,0.207,64.0,8135,453.1,IMMINENT
KM08,25417.7,13.92,113.72,0.067,42.8,761,4582.3,OPTIMAL
KM15,13707.3,6.29,100.09,0.187,63.3,6695,1292.7,DUE SOON
KM19,24995.5,2.7,95.68,0.226,77.6,9003,4.5,IMMINENT
KM10,18141.0,8.06,105.75,0.165,60.1,5542,1859.0,OPTIMAL
KM22,26906.9,10.2,109.02,0.112,54.1,3424,3093.1,OPTIMAL
KM15,25123.4,14.43,119.96,0.039,43.2,201,4876.6,OPTIMAL
KM21,16077.8,12.45,109.89,0.103,46.6,1867,3922.2,OPTIMAL
KM20,2397.2,8.99,105.78,0.121,55.3,4349,2602.8,OPTIMAL
KM25,1607.6,11.7,105.14,0.103,48.8,2948,3392.4,OPTIMAL
KM23,7445.4,9.8,104.43,0.124,53.6,4355,2554.6,OPTIMAL
KM22,1835.1,11.07,113.4,0.102,51.0,3317,3164.9,OPTIMAL
KM21,25568.9,14.23,115.35,0.059,45.9,930,4431.1,OPTIMAL
KM04,15564.8,13.97,120.0,0.065,37.9,964,4435.2,OPTIMAL
KM21,25385.6,14.9,111.12,0.085,45.2,700,4614.4,OPTIMAL
KM09,20697.9,13.91,115.91,0.074,46.0,1248,4302.1,OPTIMAL
KM19,27706.7,8.49,108.94,0.132,55.5,4935,2293.3,OPTIMAL
KM06,9263.6,4.06,93.94,0.152,69.9,7613,736.4,DUE SOON
KM24,26026.0,12.65,121.38,0.08,51.7,1826,3974.0,OPTIMAL
KM15,10627.4,13.61,117.24,0.067,47.6,1166,4372.6,OPTIMAL
KM14,23910.3,5.51,97.51,0.195,66.9,6980,1089.7,DUE SOON
KM06,11014.0,13.22,113.51,0.058,51.2,1806,3986.0,OPTIMAL
KM17,6122.5,12.2,115.23,0.069,47.8,2010,3877.5,OPTIMAL
KM19,24216.1,5.52,104.2,0.21,64.9,7606,783.9,DUE SOON
KM18,18724.9,6.12,96.71,0.186,65.2,6680,1275.1,DUE SOON
KM10,9550.1,4.37,97.47,0.203,63.8,8199,449.9,IMMINENT
KM10,15946.2,12.69,108.33,0.093,44.9,1655,4053.8,OPTIMAL
KM09,1346.6,11.57,114.34,0.094,52.9,2437,3653.4,OPTIMAL
KM22,19356.8,4.8,101.02,0.205,65.1,7833,643.2,DUE SOON
KM08,4026.3,5.04,97.82,0.183,59.4,7322,973.7,DUE SOON
KM22,27669.3,9.22,106.56,0.133,55.6,4787,2330.7,OPTIMAL
KM16,27944.0,7.63,103.21,0.142,58.2,5294,2056.0,OPTIMAL
KM03,2304.8,9.72,114.14,0.115,54.5,4188,2695.2,OPTIMAL
KM13,23654.3,6.86,98.43,0.186,63.6,6554,1345.7,DUE SOON
KM05,15050.3,14.86,119.33,0.058,40.0,52,4949.7,OPTIMAL
KM05,16678.5,10.46,106.81,0.09,48.7,3016,3321.5,OPTIMAL
KM14,23935.9,5.43,107.27,0.188,64.9,7078,1064.1,DUE SOON
KM01,10564.9,13.79,121.85,0.03,46.6,1044,4435.1,OPTIMAL
KM12,19040.5,5.9,97.06,0.179,65.0,7230,959.5,DUE SOON
KM16,7260.6,9.65,112.98,0.128,52.6,4082,2739.4,OPTIMAL
KM07,17416.0,8.87,108.43,0.119,56.1,4340,2584.0,OPTIMAL
KM02,15730.4,13.26,115.25,0.072,44.0,1297,4269.6,OPTIMAL
KM04,15583.3,14.17,118.83,0.05,37.4,1089,4416.7,OPTIMAL
KM10,4420.3,4.19,100.85,0.186,67.7,8018,579.7,DUE SOON
KM17,16424.5,11.32,112.3,0.096,47.5,2556,3575.5,OPTIMAL
KM14,2379.6,9.51,111.09,0.133,55.9,4285,2620.4,OPTIMAL
KM08,4834.3,4.25,101.91,0.223,73.6,8705,165.7,IMMINENT
KM11,10486.0,13.94,116.37,0.053,47.3,939,4514.0,OPTIMAL
KM23,3539.9,6.34,102.85,0.171,65.4,6395,1460.1,DUE SOON
KM18,980.4,12.4,112.14,0.051,48.4,1746,4019.6,OPTIMAL
KM16,7151.0,10.03,108.02,0.138,53.8,3913,2849.0,OPTIMAL
KM14,24781.8,3.24,97.7,0.189,66.4,8598,218.2,IMMINENT
KM21,10118.7,14.73,122.87,0.02,43.5,211,4881.3,OPTIMAL
KM02,801.5,12.89,111.9,0.088,47.7,1484,4198.5,OPTIMAL
KM03,7903.3,8.34,109.51,0.142,58.1,5247,2096.7,OPTIMAL
KM09,12082.8,9.88,114.18,0.12,50.4,3622,2917.2,OPTIMAL
KM04,3236.0,7.17,105.94,0.171,60.8,5795,1764.0,OPTIMAL
KM09,10831.9,12.93,122.27,0.054,48.9,1499,4168.1,OPTIMAL
KM02,2689.4,8.27,112.93,0.162,54.5,4913,2310.6,OPTIMAL
KM20,22724.6,8.12,107.55,0.111,55.2,4886,2275.4,OPTIMAL
KM07,12707.7,8.77,111.57,0.137,56.7,4918,2292.3,OPTIMAL
KM03,11313.8,12.07,116.49,0.09,44.9,2460,3686.2,OPTIMAL
KM20,6840.1,10.94,120.92,0.087,52.8,3256,3159.9,OPTIMAL
KM25,11292.4,11.77,112.89,0.07,51.4,2375,3707.6,OPTIMAL
KM11,2111.2,9.77,116.45,0.107,54.9,3740,2888.8,OPTIMAL
KM07,22047.8,10.47,110.52,0.09,52.1,3689,2952.2,OPTIMAL
KM04,11575.1,11.53,107.86,0.071,50.6,2915,3424.9,OPTIMAL
KM21,19460.5,4.45,94.1,0.2,68.3,8023,539.5,DUE SOON
KM21,8979.8,5.84,101.46,0.194,65.7,7061,1020.2,DUE SOON
KM14,26595.7,10.81,96.98,0.095,52.4,2813,3404.3,OPTIMAL
KM03,10830.3,13.16,117.58,0.059,47.7,1536,4169.7,OPTIMAL
KM13,14449.0,4.07,101.34,0.178,64.0,8032,551.0,DUE SOON
KM16,19474.1,4.88,101.88,0.196,67.1,8099,525.9,DUE SOON
KM20,20948.7,12.96,107.25,0.046,46.4,1683,4051.3,OPTIMAL
KM04,15575.6,13.57,120.46,0.07,47.6,1116,4424.4,OPTIMAL
KM15,6625.6,11.15,103.41,0.082,48.0,2885,3374.4,OPTIMAL
KM22,1778.6,10.87,109.86,0.092,48.8,3220,3221.4,OPTIMAL
KM15,21245.3,12.18,106.95,0.081,47.8,2215,3754.7,OPTIMAL
KM25,26568.3,11.07,105.12,0.106,54.5,2620,3431.7,OPTIMAL
KM07,10275.1,14.31,125.47,0.038,40.6,499,4724.9,OPTIMAL
KM08,13502.1,6.15,101.33,0.177,63.4,6284,1497.9,DUE SOON
KM04,7809.5,8.07,102.72,0.145,57.3,5037,2190.5,OPTIMAL
KM02,19840.9,3.7,96.93,0.227,69.7,8726,159.1,IMMINENT
KM25,10461.3,14.23,111.25,0.041,47.2,853,4538.7,OPTIMAL
KM14,2462.6,8.57,107.33,0.153,53.4,4342,2537.4,OPTIMAL
KM18,8243.3,7.04,106.99,0.166,61.4,5843,1756.7,OPTIMAL
KM08,12462.0,9.14,103.93,0.143,55.1,4394,2538.0,OPTIMAL
KM04,19154.9,5.42,95.82,0.19,59.3,7447,845.1,DUE SOON
KM17,27965.6,7.92,99.37,0.133,61.6,5364,2034.4,OPTIMAL
KM13,1698.9,10.49,107.16,0.079,47.1,2964,3301.1,OPTIMAL
KM02,24892.1,2.83,98.06,0.205,71.5,8776,107.9,IMMINENT
KM06,2116.9,10.28,114.21,0.097,56.1,3883,2883.1,OPTIMAL
KM20,7681.0,8.41,104.83,0.106,54.6,4825,2319.0,OPTIMAL
KM23,4580.6,3.81,97.68,0.221,68.4,8262,419.4,IMMINENT
KM16,11058.3,12.74,118.09,0.059,48.1,1849,3941.7,OPTIMAL
KM05,9063.7,4.14,98.68,0.157,68.5,7345,936.3,DUE SOON
KM10,7773.0,8.65,106.1,0.123,61.6,4953,2227.0,OPTIMAL
KM18,12857.2,7.8,111.57,0.163,60.3,5092,2142.8,OPTIMAL
KM19,16770.6,11.22,112.5,0.113,51.7,3161,3229.4,OPTIMAL
KM21,6429.2,11.49,102.77,0.098,51.0,2573,3570.8,OPTIMAL
KM13,2545.9,8.53,108.3,0.135,54.3,4685,2454.1,OPTIMAL
KM03,7567.1,8.95,105.47,0.121,55.4,4677,2432.9,OPTIMAL
KM12,6529.8,11.27,116.54,0.11,51.2,2730,3470.2,OPTIMAL
KM20,16420.8,10.82,109.08,0.107,49.7,2550,3579.2,OPTIMAL
KM04,21955.3,10.92,106.14,0.096,54.7,3534,3044.7,OPTIMAL
KM06,3656.6,6.4,100.09,0.173,58.4,6509,1343.4,DUE SOON
KM20,16187.6,12.01,113.47,0.07,50.7,2146,3812.4,OPTIMAL
KM23,22992.7,8.21,99.96,0.147,57.3,5417,2007.3,OPTIMAL
KM14,23575.0,6.15,104.5,0.174,64.6,6455,1425.0,DUE SOON
KM13,5248.1,14.39,118.11,0.054,45.3,477,4751.9,OPTIMAL
KM13,21335.6,11.93,109.29,0.091,44.1,2428,3664.4,OPTIMAL
KM06,8007.8,7.34,106.67,0.146,63.5,5422,1992.2,OPTIMAL
KM04,22104.5,9.94,113.24,0.132,52.9,3876,2895.5,OPTIMAL
KM17,9627.4,3.45,98.58,0.235,65.3,8327,372.6,IMMINENT
KM12,667.3,12.93,112.53,0.063,45.6,1228,4332.7,OPTIMAL
